dataset,repeat,seed,status,original_seconds,improved_seconds,reduction_percent,original_N,improved_N,original_U_star,improved_U_star,original_evaluations,improved_evaluations,original_kicks,improved_kicks
Merged1_normal,1,13,passed,106.60644923523068,96.08308436721563,9.871227250796899,2,1,0.3183016952812871,0.33805938883489905,100,100,0,0
Merged2_normal,1,13,passed,233.1288573089987,182.05076485313475,21.90981118573533,3,3,0.32818054205809305,0.32818054205809305,100,100,0,0
st04_Example2_normal,1,13,passed,368.60220017656684,326.540088750422,11.411248062544487,2,2,0.19787728515586442,0.19787728515586442,100,100,0,0
st04_Example3_normal,1,13,passed,602.4966039489955,679.7985174339265,-12.830265428595688,2,2,0.23954806477405088,0.23954806477405088,100,100,0,0
st04_Example4_normal,1,13,passed,885.6120612788945,691.0206754337996,21.972531128820606,2,3,0.2529264678301384,0.21197781967504392,100,100,0,0
st04_Example5_normal,1,13,passed,1146.7457462083548,1138.8851614706218,0.6854688376846885,3,3,0.2426664017925888,0.23696862722839712,100,100,0,0
st05_e2,1,13,passed,388.00355263147503,412.4878550507128,-6.310329442393781,2,1,0.3023318732585113,0.3395422043968658,100,100,0,0
Merged3_normal,1,13,passed,374.9516538120806,340.18223314359784,9.273041021418893,4,4,0.33147349098369505,0.33147349098369505,100,100,0,0
Merged4_normal,1,13,passed,618.3179137874395,545.3886963520199,11.794776733654622,4,4,0.36006536371162223,0.3647583054385775,100,100,0,0
Merged5_normal,1,13,passed,871.4203756097704,663.8357121925801,23.821414925251705,5,5,0.3674665802829068,0.3728091998704244,100,100,0,0
St_05_Example3_normal,1,13,passed,884.0488618779927,1211.5003102291375,-37.03997171101343,2,2,0.36897040822575716,0.3977174562707548,100,100,0,0
chess,1,13,passed,37.895058408379555,36.315156519412994,4.169150161851198,3,3,0.2755984648323615,0.2701661579810496,100,100,0,0
engine,1,13,passed,178.45931323245168,149.3069771323353,16.335564433190484,3,3,0.2161473663104697,0.2161473663104697,100,100,0,0
liu,1,13,passed,713.0120404083282,365.99125804007053,48.66969457760146,9,8,0.224526618920102,0.23844696147741568,100,100,0,0
shapesnew,1,13,passed,11.914283215999603,5.249900244176388,55.936079837968464,9,9,0.25537109375,0.2518310546875,100,100,0,0
