dataset,status,valid_pairs,failed_pairs,original_median_s,improved_median_s,paired_reduction_median_pct,original_min_s,original_max_s,improved_min_s,improved_max_s
Merged1_normal,passed,1,0,106.60644923523068,96.08308436721563,9.871227250796899,106.60644923523068,106.60644923523068,96.08308436721563,96.08308436721563
Merged2_normal,passed,1,0,233.1288573089987,182.05076485313475,21.90981118573533,233.1288573089987,233.1288573089987,182.05076485313475,182.05076485313475
Merged3_normal,passed,1,0,374.9516538120806,340.18223314359784,9.273041021418893,374.9516538120806,374.9516538120806,340.18223314359784,340.18223314359784
Merged4_normal,passed,1,0,618.3179137874395,545.3886963520199,11.794776733654622,618.3179137874395,618.3179137874395,545.3886963520199,545.3886963520199
Merged5_normal,passed,1,0,871.4203756097704,663.8357121925801,23.821414925251705,871.4203756097704,871.4203756097704,663.8357121925801,663.8357121925801
St_05_Example3_normal,passed,1,0,884.0488618779927,1211.5003102291375,-37.03997171101343,884.0488618779927,884.0488618779927,1211.5003102291375,1211.5003102291375
chess,passed,1,0,37.895058408379555,36.315156519412994,4.169150161851198,37.895058408379555,37.895058408379555,36.315156519412994,36.315156519412994
engine,passed,1,0,178.45931323245168,149.3069771323353,16.335564433190484,178.45931323245168,178.45931323245168,149.3069771323353,149.3069771323353
liu,passed,1,0,713.0120404083282,365.99125804007053,48.66969457760146,713.0120404083282,713.0120404083282,365.99125804007053,365.99125804007053
shapesnew,passed,1,0,11.914283215999603,5.249900244176388,55.936079837968464,11.914283215999603,11.914283215999603,5.249900244176388,5.249900244176388
st04_Example2_normal,passed,1,0,368.60220017656684,326.540088750422,11.411248062544487,368.60220017656684,368.60220017656684,326.540088750422,326.540088750422
st04_Example3_normal,passed,1,0,602.4966039489955,679.7985174339265,-12.830265428595688,602.4966039489955,602.4966039489955,679.7985174339265,679.7985174339265
st04_Example4_normal,passed,1,0,885.6120612788945,691.0206754337996,21.972531128820606,885.6120612788945,885.6120612788945,691.0206754337996,691.0206754337996
st04_Example5_normal,passed,1,0,1146.7457462083548,1138.8851614706218,0.6854688376846885,1146.7457462083548,1146.7457462083548,1138.8851614706218,1138.8851614706218
st05_e2,passed,1,0,388.00355263147503,412.4878550507128,-6.310329442393781,388.00355263147503,388.00355263147503,412.4878550507128,412.4878550507128
