dataset,bin_shape,bin_size,nesting_strategy,selection_range,constraint_mode,expected_seed_count,task_count,success_count,complete,successful_seeds,missing_or_unsuccessful_seeds,best_N_n,best_N_mean,best_N_std,best_U_n,best_U_mean,best_U_std,best_U_star_n,best_U_star_mean,best_U_star_std,origin_N_n,origin_N_mean,origin_N_std,origin_U_n,origin_U_mean,origin_U_std,origin_U_star_n,origin_U_star_mean,origin_U_star_std,algorithm_time_s_n,algorithm_time_s_mean,algorithm_time_s_std,elapsed_s_n,elapsed_s_mean,elapsed_s_std
Merged1_normal,cube,105x105x105,maximal_residual_box,all,geometry_only,5,5,5,TRUE,3;7;13;19;53,,5,2,0,5,0.169029694,0,5,0.298169787,0.017046216,5,2,0,5,0.169029694,0,5,0.298169787,0.017046216,5,24.70192542,1.18437964,5,25.99197092,1.174210582
Merged1_normal,cube,105x105x105,maximal_residual_box,bottom,geometry_only,5,5,5,TRUE,3;7;13;19;53,,5,1.8,0.447213595,5,0.202835633,0.075592377,5,0.31516441,0.015580852,5,1.8,0.447213595,5,0.202835633,0.075592377,5,0.31516441,0.015580852,5,16.62583065,1.226742061,5,17.99728761,1.201275549
Merged1_normal,cube,105x105x105,maximal_residual_box,bottom_top,geometry_only,5,5,5,TRUE,3;7;13;19;53,,5,1.8,0.447213595,5,0.202835633,0.075592377,5,0.31516441,0.015580852,5,1.8,0.447213595,5,0.202835633,0.075592377,5,0.31516441,0.015580852,5,17.83203893,1.077592926,5,19.15797272,1.128744559
Merged1_normal,cube,105x105x105,minimum_aabb_edges_len,all,geometry_only,5,5,5,TRUE,3;7;13;19;53,,5,2,0,5,0.169029694,0,5,0.300189267,0.01888892,5,2,0,5,0.169029694,0,5,0.300189267,0.01888892,5,24.68479476,2.002395306,5,26.01230192,2.028742884
Merged1_normal,cube,105x105x105,minimum_aabb_edges_len,bottom,geometry_only,5,5,5,TRUE,3;7;13;19;53,,5,1.8,0.447213595,5,0.202835633,0.075592377,5,0.306433776,0.026537156,5,1.8,0.447213595,5,0.202835633,0.075592377,5,0.306433776,0.026537156,5,17.67424078,1.45507534,5,19.07375622,1.464161319
Merged1_normal,cube,105x105x105,minimum_aabb_edges_len,bottom_top,geometry_only,5,5,5,TRUE,3;7;13;19;53,,5,2,0,5,0.169029694,0,5,0.307261332,0.016942033,5,2,0,5,0.169029694,0,5,0.307261332,0.016942033,5,19.44051394,1.042399393,5,20.73739834,1.063354714
Merged1_normal,cube,105x105x105,minimum_aabb_volume,all,geometry_only,5,5,5,TRUE,3;7;13;19;53,,5,2,0,5,0.169029694,0,5,0.291136076,0.013906671,5,2,0,5,0.169029694,0,5,0.291136076,0.013906671,5,24.38250904,0.728803149,5,25.71072321,0.741399275
Merged1_normal,cube,105x105x105,minimum_aabb_volume,bottom,geometry_only,5,5,5,TRUE,3;7;13;19;53,,5,2,0,5,0.169029694,0,5,0.30551258,0.014744049,5,2,0,5,0.169029694,0,5,0.30551258,0.014744049,5,16.24457574,0.632918734,5,18.09531393,0.958151844
Merged1_normal,cube,105x105x105,minimum_aabb_volume,bottom_top,geometry_only,5,5,5,TRUE,3;7;13;19;53,,5,2,0,5,0.169029694,0,5,0.30780555,0.015851397,5,2,0,5,0.169029694,0,5,0.30780555,0.015851397,5,17.61858983,0.330047012,5,18.95162621,0.360707473
Merged1_normal,cube,105x105x105,overlap_distance,all,geometry_only,5,5,5,TRUE,3;7;13;19;53,,5,2,0,5,0.169029694,0,5,0.278341605,0.026096091,5,2,0,5,0.169029694,0,5,0.278341605,0.026096091,5,108.6573067,6.001136718,5,110.0934525,5.989883429
Merged1_normal,cube,105x105x105,overlap_distance,bottom,geometry_only,5,5,5,TRUE,3;7;13;19;53,,5,1.8,0.447213595,5,0.202835633,0.075592377,5,0.310907073,0.019037114,5,1.8,0.447213595,5,0.202835633,0.075592377,5,0.310907073,0.019037114,5,59.70248246,10.95534019,5,61.08134766,10.98014402
Merged1_normal,cube,105x105x105,overlap_distance,bottom_top,geometry_only,5,5,5,TRUE,3;7;13;19;53,,5,1.6,0.547722558,5,0.236641572,0.092581377,5,0.313246172,0.023405536,5,1.6,0.547722558,5,0.236641572,0.092581377,5,0.313246172,0.023405536,5,67.33786974,11.29239254,5,68.7150352,11.324239
Merged1_normal,cylinder,121x121x121,maximal_residual_box,all,geometry_only,5,5,5,TRUE,3;7;13;19;53,,5,2,0,5,0.140632245,0,5,0.250445177,0.014640501,5,2,0,5,0.140632245,0,5,0.250445177,0.014640501,5,115.3367709,2.265699244,5,116.8586915,2.257706334
Merged1_normal,cylinder,121x121x121,maximal_residual_box,bottom,geometry_only,5,5,5,TRUE,3;7;13;19;53,,5,1.6,0.547722558,5,0.196885144,0.077027453,5,0.267919905,0.013223672,5,1.6,0.547722558,5,0.196885144,0.077027453,5,0.267919905,0.013223672,5,98.3652998,1.982997824,5,99.88391142,1.994774031
Merged1_normal,cylinder,121x121x121,maximal_residual_box,bottom_top,geometry_only,5,5,5,TRUE,3;7;13;19;53,,5,1.4,0.547722558,5,0.225011593,0.077027453,5,0.274000627,0.01002065,5,1.4,0.547722558,5,0.225011593,0.077027453,5,0.274000627,0.01002065,5,102.5756944,1.195301172,5,104.08674,1.197222571
Merged1_normal,cylinder,121x121x121,minimum_aabb_edges_len,all,geometry_only,5,5,5,TRUE,3;7;13;19;53,,5,2,0,5,0.140632245,0,5,0.257293914,0.016842579,5,2,0,5,0.140632245,0,5,0.257293914,0.016842579,5,121.1831812,1.62923371,5,122.6930561,1.635419905
Merged1_normal,cylinder,121x121x121,minimum_aabb_edges_len,bottom,geometry_only,5,5,5,TRUE,3;7;13;19;53,,5,1.6,0.547722558,5,0.196885144,0.077027453,5,0.263101238,0.018982686,5,1.6,0.547722558,5,0.196885144,0.077027453,5,0.263101238,0.018982686,5,98.94938192,2.394682207,5,100.4622289,2.398589527
Merged1_normal,cylinder,121x121x121,minimum_aabb_edges_len,bottom_top,geometry_only,5,5,5,TRUE,3;7;13;19;53,,5,1.6,0.547722558,5,0.196885144,0.077027453,5,0.271401483,0.009003654,5,1.6,0.547722558,5,0.196885144,0.077027453,5,0.271401483,0.009003654,5,104.0246859,0.67639527,5,105.5348826,0.675509463
Merged1_normal,cylinder,121x121x121,minimum_aabb_volume,all,geometry_only,5,5,5,TRUE,3;7;13;19;53,,5,2,0,5,0.140632245,0,5,0.255640592,0.020539518,5,2,0,5,0.140632245,0,5,0.255640592,0.020539518,5,114.6382695,1.427629451,5,116.1572333,1.416128852
Merged1_normal,cylinder,121x121x121,minimum_aabb_volume,bottom,geometry_only,5,5,5,TRUE,3;7;13;19;53,,5,1.8,0.447213595,5,0.168758695,0.062892652,5,0.261731232,0.01288631,5,1.8,0.447213595,5,0.168758695,0.062892652,5,0.261731232,0.01288631,5,98.2642848,2.966918049,5,99.76790686,2.965351027
Merged1_normal,cylinder,121x121x121,minimum_aabb_volume,bottom_top,geometry_only,5,5,5,TRUE,3;7;13;19;53,,5,1.8,0.447213595,5,0.168758695,0.062892652,5,0.261731232,0.01288631,5,1.8,0.447213595,5,0.168758695,0.062892652,5,0.261731232,0.01288631,5,102.4629433,1.728079897,5,103.9877836,1.7414909
Merged1_normal,cylinder,121x121x121,overlap_distance,all,geometry_only,5,5,5,TRUE,3;7;13;19;53,,5,2,0,5,0.140632245,0,5,0.251868224,0.020159301,5,2,0,5,0.140632245,0,5,0.251868224,0.020159301,5,285.7115531,7.474064979,5,287.2284132,7.471945197
Merged1_normal,cylinder,121x121x121,overlap_distance,bottom,geometry_only,5,5,5,TRUE,3;7;13;19;53,,5,1.8,0.447213595,5,0.168758695,0.062892652,5,0.261344566,0.018406385,5,1.8,0.447213595,5,0.168758695,0.062892652,5,0.261344566,0.018406385,5,160.4511718,15.74721044,5,161.9723205,15.75013963
Merged1_normal,cylinder,121x121x121,overlap_distance,bottom_top,geometry_only,5,5,5,TRUE,3;7;13;19;53,,5,2,0,5,0.140632245,0,5,0.252861482,0.016617839,5,2,0,5,0.140632245,0,5,0.252861482,0.016617839,5,191.6622092,12.81118374,5,193.1833743,12.81589208
Merged2_normal,cube,105x105x105,maximal_residual_box,all,geometry_only,5,5,5,TRUE,3;7;13;19;53,,5,3,0,5,0.225372926,0,5,0.29952152,0.019404537,5,3,0,5,0.225372926,0,5,0.29952152,0.019404537,5,52.42081647,2.778752207,5,54.1306891,2.777629457
Merged2_normal,cube,105x105x105,maximal_residual_box,bottom,geometry_only,5,5,5,TRUE,3;7;13;19;53,,5,2.2,0.447213595,5,0.315522096,0.050394918,5,0.368937264,0.043735069,5,2.2,0.447213595,5,0.315522096,0.050394918,5,0.368937264,0.043735069,5,37.30028696,2.896833977,5,39.01037025,2.90329935
Merged2_normal,cube,105x105x105,maximal_residual_box,bottom_top,geometry_only,5,5,5,TRUE,3;7;13;19;53,,5,2.2,0.447213595,5,0.315522096,0.050394918,5,0.368937264,0.043735069,5,2.2,0.447213595,5,0.315522096,0.050394918,5,0.368937264,0.043735069,5,37.98750172,2.25341541,5,39.60573354,2.258245673
Merged2_normal,cube,105x105x105,minimum_aabb_edges_len,all,geometry_only,5,5,5,TRUE,3;7;13;19;53,,5,3,0,5,0.225372926,0,5,0.314717547,0.006170409,5,3,0,5,0.225372926,0,5,0.314717547,0.006170409,5,52.11205301,3.056892883,5,53.71740808,3.063151751
Merged2_normal,cube,105x105x105,minimum_aabb_edges_len,bottom,geometry_only,5,5,5,TRUE,3;7;13;19;53,,5,2.8,0.447213595,5,0.247910218,0.050394918,5,0.318449757,0.017908642,5,2.8,0.447213595,5,0.247910218,0.050394918,5,0.318449757,0.017908642,5,37.05199594,2.439580943,5,38.68101234,2.443821789
Merged2_normal,cube,105x105x105,minimum_aabb_edges_len,bottom_top,geometry_only,5,5,5,TRUE,3;7;13;19;53,,5,2.8,0.447213595,5,0.247910218,0.050394918,5,0.330907505,0.021904416,5,2.8,0.447213595,5,0.247910218,0.050394918,5,0.330907505,0.021904416,5,40.23469243,1.236969723,5,41.93061404,1.239391813
Merged2_normal,cube,105x105x105,minimum_aabb_volume,all,geometry_only,5,5,5,TRUE,3;7;13;19;53,,5,3,0,5,0.225372926,0,5,0.30868701,0.006707027,5,3,0,5,0.225372926,0,5,0.30868701,0.006707027,5,50.92000861,1.750339949,5,52.63267221,1.762078196
Merged2_normal,cube,105x105x105,minimum_aabb_volume,bottom,geometry_only,5,5,5,TRUE,3;7;13;19;53,,5,2.8,0.447213595,5,0.247910218,0.050394918,5,0.331267552,0.020236779,5,2.8,0.447213595,5,0.247910218,0.050394918,5,0.331267552,0.020236779,5,35.55692067,1.359537558,5,37.32544842,1.357513105
Merged2_normal,cube,105x105x105,minimum_aabb_volume,bottom_top,geometry_only,5,5,5,TRUE,3;7;13;19;53,,5,2.6,0.547722558,5,0.270447511,0.061720918,5,0.348834035,0.032669792,5,2.6,0.547722558,5,0.270447511,0.061720918,5,0.348834035,0.032669792,5,38.10130634,2.302535868,5,39.72926764,2.318374422
Merged2_normal,cube,105x105x105,overlap_distance,all,geometry_only,5,5,5,TRUE,3;7;13;19;53,,5,3,0,5,0.225372926,0,5,0.283619911,0.024963911,5,3,0,5,0.225372926,0,5,0.283619911,0.024963911,5,233.7556928,20.80033025,5,235.505189,20.80678994
Merged2_normal,cube,105x105x105,overlap_distance,bottom,geometry_only,5,5,5,TRUE,3;7;13;19;53,,5,2.8,0.447213595,5,0.247910218,0.050394918,5,0.345057856,0.062697925,5,2.8,0.447213595,5,0.247910218,0.050394918,5,0.345057856,0.062697925,5,106.9764203,8.00474992,5,108.5877548,8.007172043
Merged2_normal,cube,105x105x105,overlap_distance,bottom_top,geometry_only,5,5,5,TRUE,3;7;13;19;53,,5,3,0,5,0.225372926,0,5,0.312917396,0.003586357,5,3,0,5,0.225372926,0,5,0.312917396,0.003586357,5,129.1363574,4.747486954,5,130.8920808,4.739631507
Merged2_normal,cylinder,121x121x121,maximal_residual_box,all,geometry_only,5,5,5,TRUE,3;7;13;19;53,,5,3,0,5,0.187509661,0,5,0.251661882,0.01266833,5,3,0,5,0.187509661,0,5,0.251661882,0.01266833,5,220.7915502,8.039696307,5,222.6659601,8.036645265
Merged2_normal,cylinder,121x121x121,maximal_residual_box,bottom,geometry_only,5,5,5,TRUE,3;7;13;19;53,,5,2.2,0.447213595,5,0.262513525,0.041928435,5,0.311429059,0.042598912,5,2.2,0.447213595,5,0.262513525,0.041928435,5,0.311429059,0.042598912,5,182.2212953,6.597347732,5,184.0961997,6.596041189
Merged2_normal,cylinder,121x121x121,maximal_residual_box,bottom_top,geometry_only,5,5,5,TRUE,3;7;13;19;53,,5,2,0,5,0.281264491,0,5,0.311509411,0.030934165,5,2,0,5,0.281264491,0,5,0.311509411,0.030934165,5,190.6483818,4.875200475,5,192.5359692,4.876525562
Merged2_normal,cylinder,121x121x121,minimum_aabb_edges_len,all,geometry_only,5,5,5,TRUE,3;7;13;19;53,,5,2.8,0.447213595,5,0.206260627,0.041928435,5,0.290237161,0.047424549,5,2.8,0.447213595,5,0.206260627,0.041928435,5,0.290237161,0.047424549,5,216.8302946,6.283030611,5,218.7113622,6.284027118
Merged2_normal,cylinder,121x121x121,minimum_aabb_edges_len,bottom,geometry_only,5,5,5,TRUE,3;7;13;19;53,,5,2.6,0.547722558,5,0.225011593,0.051351635,5,0.283890947,0.019424393,5,2.6,0.547722558,5,0.225011593,0.051351635,5,0.283890947,0.019424393,5,179.6450627,2.653878877,5,181.5324315,2.65672641
Merged2_normal,cylinder,121x121x121,minimum_aabb_edges_len,bottom_top,geometry_only,5,5,5,TRUE,3;7;13;19;53,,5,2.2,0.447213595,5,0.262513525,0.041928435,5,0.31397502,0.032303508,5,2.2,0.447213595,5,0.262513525,0.041928435,5,0.31397502,0.032303508,5,192.8288043,4.038040358,5,194.7190993,4.031547181
Merged2_normal,cylinder,121x121x121,minimum_aabb_volume,all,geometry_only,5,5,5,TRUE,3;7;13;19;53,,5,3,0,5,0.187509661,0,5,0.259630298,0.007652522,5,3,0,5,0.187509661,0,5,0.259630298,0.007652522,5,216.4841402,5.601923297,5,218.3707702,5.609036494
Merged2_normal,cylinder,121x121x121,minimum_aabb_volume,bottom,geometry_only,5,5,5,TRUE,3;7;13;19;53,,5,2.4,0.547722558,5,0.243762559,0.051351635,5,0.295117493,0.042597279,5,2.4,0.547722558,5,0.243762559,0.051351635,5,0.295117493,0.042597279,5,182.7648169,6.403415128,5,184.6677517,6.375197728
Merged2_normal,cylinder,121x121x121,minimum_aabb_volume,bottom_top,geometry_only,5,5,5,TRUE,3;7;13;19;53,,5,2.4,0.547722558,5,0.243762559,0.051351635,5,0.297952374,0.044016626,5,2.4,0.547722558,5,0.243762559,0.051351635,5,0.297952374,0.044016626,5,191.1411657,6.697846482,5,193.0160132,6.703598703
Merged2_normal,cylinder,121x121x121,overlap_distance,all,geometry_only,5,5,5,TRUE,3;7;13;19;53,,5,3,0,5,0.187509661,0,5,0.254940568,0.013443135,5,3,0,5,0.187509661,0,5,0.254940568,0.013443135,5,573.5820222,69.29042825,5,575.4507972,69.28539961
Merged2_normal,cylinder,121x121x121,overlap_distance,bottom,geometry_only,5,5,5,TRUE,3;7;13;19;53,,5,2.4,0.547722558,5,0.243762559,0.051351635,5,0.288121996,0.047078251,5,2.4,0.547722558,5,0.243762559,0.051351635,5,0.288121996,0.047078251,5,326.5794259,35.87905989,5,328.4522154,35.8804233
Merged2_normal,cylinder,121x121x121,overlap_distance,bottom_top,geometry_only,5,5,5,TRUE,3;7;13;19;53,,5,2.8,0.447213595,5,0.206260627,0.041928435,5,0.267996088,0.016816339,5,2.8,0.447213595,5,0.206260627,0.041928435,5,0.267996088,0.016816339,5,372.6051286,19.19957743,5,374.491834,19.20335766
Merged3_normal,cube,105x105x105,maximal_residual_box,all,geometry_only,5,5,5,TRUE,3;7;13;19;53,,5,4,0,5,0.253544542,0,5,0.30632499,0.014918887,5,4,0,5,0.253544542,0,5,0.30632499,0.014918887,5,84.83740206,5.892875377,5,86.85508103,5.891349201
Merged3_normal,cube,105x105x105,maximal_residual_box,bottom,geometry_only,5,5,5,TRUE,3;7;13;19;53,,5,3.2,0.447213595,5,0.321156419,0.037796189,5,0.36188904,0.02696704,5,3.2,0.447213595,5,0.321156419,0.037796189,5,0.36188904,0.02696704,5,61.49308772,4.075314056,5,63.5257328,4.099761875
Merged3_normal,cube,105x105x105,maximal_residual_box,bottom_top,geometry_only,5,5,5,TRUE,3;7;13;19;53,,5,3.6,0.547722558,5,0.287350481,0.046290688,5,0.339524688,0.021503985,5,3.6,0.547722558,5,0.287350481,0.046290688,5,0.339524688,0.021503985,5,63.70083418,2.634281361,5,65.7396626,2.690877411
Merged3_normal,cube,105x105x105,minimum_aabb_edges_len,all,geometry_only,5,5,5,TRUE,3;7;13;19;53,,5,4,0,5,0.253544542,0,5,0.316112558,0.0097127,5,4,0,5,0.253544542,0,5,0.316112558,0.0097127,5,89.10428452,3.243044776,5,91.13679457,3.234250969
Merged3_normal,cube,105x105x105,minimum_aabb_edges_len,bottom,geometry_only,5,5,5,TRUE,3;7;13;19;53,,5,3.8,0.447213595,5,0.270447511,0.037796189,5,0.333354325,0.026590848,5,3.8,0.447213595,5,0.270447511,0.037796189,5,0.333354325,0.026590848,5,63.68488579,3.454887527,5,65.71930313,3.476655199
Merged3_normal,cube,105x105x105,minimum_aabb_edges_len,bottom_top,geometry_only,5,5,5,TRUE,3;7;13;19;53,,5,3.6,0.547722558,5,0.287350481,0.046290688,5,0.360696858,0.046247303,5,3.6,0.547722558,5,0.287350481,0.046290688,5,0.360696858,0.046247303,5,66.21735969,4.105227924,5,68.24350863,4.09423565
Merged3_normal,cube,105x105x105,minimum_aabb_volume,all,geometry_only,5,5,5,TRUE,3;7;13;19;53,,5,4,0,5,0.253544542,0,5,0.305623381,0.0048401,5,4,0,5,0.253544542,0,5,0.305623381,0.0048401,5,85.4825789,3.528503088,5,87.50281448,3.523574483
Merged3_normal,cube,105x105x105,minimum_aabb_volume,bottom,geometry_only,5,5,5,TRUE,3;7;13;19;53,,5,3.6,0.547722558,5,0.287350481,0.046290688,5,0.339548386,0.027919267,5,3.6,0.547722558,5,0.287350481,0.046290688,5,0.339548386,0.027919267,5,58.87897754,4.131306149,5,61.31674886,4.679368665
Merged3_normal,cube,105x105x105,minimum_aabb_volume,bottom_top,geometry_only,5,5,5,TRUE,3;7;13;19;53,,5,3.6,0.547722558,5,0.287350481,0.046290688,5,0.337649671,0.030709341,5,3.6,0.547722558,5,0.287350481,0.046290688,5,0.337649671,0.030709341,5,63.33656349,4.134691118,5,65.77547741,4.627181202
Merged3_normal,cube,105x105x105,overlap_distance,all,geometry_only,5,5,5,TRUE,3;7;13;19;53,,5,4,0,5,0.253544542,0,5,0.29985237,0.013870596,5,4,0,5,0.253544542,0,5,0.29985237,0.013870596,5,388.1798196,30.62806664,5,390.1982518,30.61594239
Merged3_normal,cube,105x105x105,overlap_distance,bottom,geometry_only,5,5,5,TRUE,3;7;13;19;53,,5,3.8,0.447213595,5,0.270447511,0.037796189,5,0.332206975,0.019128053,5,3.8,0.447213595,5,0.270447511,0.037796189,5,0.332206975,0.019128053,5,204.0347169,16.43513455,5,206.0278707,16.4232973
Merged3_normal,cube,105x105x105,overlap_distance,bottom_top,geometry_only,5,5,5,TRUE,3;7;13;19;53,,5,3.6,0.547722558,5,0.287350481,0.046290688,5,0.337570802,0.022612039,5,3.6,0.547722558,5,0.287350481,0.046290688,5,0.337570802,0.022612039,5,228.6191869,22.34844218,5,230.6393978,22.32750694
Merged3_normal,cylinder,121x121x121,maximal_residual_box,all,geometry_only,5,5,5,TRUE,3;7;13;19;53,,5,3.8,0.447213595,5,0.225011593,0.031446326,5,0.278701833,0.018243252,5,3.8,0.447213595,5,0.225011593,0.031446326,5,0.278701833,0.018243252,5,346.6899811,10.48892509,5,349.3487094,10.29804923
Merged3_normal,cylinder,121x121x121,maximal_residual_box,bottom,geometry_only,5,5,5,TRUE,3;7;13;19;53,,5,3.2,0.447213595,5,0.267201266,0.031446326,5,0.298718592,0.020015547,5,3.2,0.447213595,5,0.267201266,0.031446326,5,0.298718592,0.020015547,5,296.1815468,13.94949619,5,298.8381085,13.57540109
Merged3_normal,cylinder,121x121x121,maximal_residual_box,bottom_top,geometry_only,5,5,5,TRUE,3;7;13;19;53,,5,3.2,0.447213595,5,0.267201266,0.031446326,5,0.294275667,0.015702762,5,3.2,0.447213595,5,0.267201266,0.031446326,5,0.294275667,0.015702762,5,307.7406715,9.755262232,5,310.4149521,9.712538006
Merged3_normal,cylinder,121x121x121,minimum_aabb_edges_len,all,geometry_only,5,5,5,TRUE,3;7;13;19;53,,5,3.6,0.547722558,5,0.239074817,0.038513727,5,0.292342551,0.027416094,5,3.6,0.547722558,5,0.239074817,0.038513727,5,0.292342551,0.027416094,5,349.2185688,15.09375645,5,351.4497385,15.11096158
Merged3_normal,cylinder,121x121x121,minimum_aabb_edges_len,bottom,geometry_only,5,5,5,TRUE,3;7;13;19;53,,5,3,0,5,0.281264491,0,5,0.318033937,0.026096768,5,3,0,5,0.281264491,0,5,0.318033937,0.026096768,5,288.0286738,9.123267153,5,290.259738,9.081349176
Merged3_normal,cylinder,121x121x121,minimum_aabb_edges_len,bottom_top,geometry_only,5,5,5,TRUE,3;7;13;19;53,,5,3,0,5,0.281264491,0,5,0.331493373,0.017552589,5,3,0,5,0.281264491,0,5,0.331493373,0.017552589,5,297.758927,6.162583596,5,299.9801618,6.117617226
Merged3_normal,cylinder,121x121x121,minimum_aabb_volume,all,geometry_only,5,5,5,TRUE,3;7;13;19;53,,5,4,0,5,0.210948368,0,5,0.257696008,0.006776141,5,4,0,5,0.210948368,0,5,0.257696008,0.006776141,5,351.9396053,9.413264127,5,354.1666198,9.400768006
Merged3_normal,cylinder,121x121x121,minimum_aabb_volume,bottom,geometry_only,5,5,5,TRUE,3;7;13;19;53,,5,3,0,5,0.281264491,0,5,0.312911112,0.008975894,5,3,0,5,0.281264491,0,5,0.312911112,0.008975894,5,287.817258,8.972589609,5,290.0553399,8.984166624
Merged3_normal,cylinder,121x121x121,minimum_aabb_volume,bottom_top,geometry_only,5,5,5,TRUE,3;7;13;19;53,,5,3,0,5,0.281264491,0,5,0.312911112,0.008975894,5,3,0,5,0.281264491,0,5,0.312911112,0.008975894,5,300.0522494,7.912966168,5,302.2785772,7.920031456
Merged3_normal,cylinder,121x121x121,overlap_distance,all,geometry_only,5,5,5,TRUE,3;7;13;19;53,,5,4,0,5,0.210948368,0,5,0.263829436,0.008576115,5,4,0,5,0.210948368,0,5,0.263829436,0.008576115,5,942.8325878,23.39180955,5,945.4797232,23.84671895
Merged3_normal,cylinder,121x121x121,overlap_distance,bottom,geometry_only,5,5,5,TRUE,3;7;13;19;53,,5,3.4,0.547722558,5,0.253138042,0.038513727,5,0.300829445,0.034608544,5,3.4,0.547722558,5,0.253138042,0.038513727,5,0.300829445,0.034608544,5,498.804043,46.75530353,5,501.430187,46.58039942
Merged3_normal,cylinder,121x121x121,overlap_distance,bottom_top,geometry_only,5,5,5,TRUE,3;7;13;19;53,,5,3.2,0.447213595,5,0.267201266,0.031446326,5,0.302829329,0.023780693,5,3.2,0.447213595,5,0.267201266,0.031446326,5,0.302829329,0.023780693,5,611.0739193,32.602713,5,613.7320387,33.06828051
Merged4_normal,cube,105x105x105,maximal_residual_box,all,geometry_only,5,5,5,TRUE,3;7;13;19;53,,5,5,0,5,0.270447511,0,5,0.31719378,0.008461643,5,5,0,5,0.270447511,0,5,0.31719378,0.008461643,5,122.2513752,6.558064653,5,124.570846,6.54796178
Merged4_normal,cube,105x105x105,maximal_residual_box,bottom,geometry_only,5,5,5,TRUE,3;7;13;19;53,,5,4.2,0.447213595,5,0.324537013,0.030236951,5,0.363185833,0.026503691,5,4.2,0.447213595,5,0.324537013,0.030236951,5,0.363185833,0.026503691,5,88.52134943,5.745622931,5,90.88060803,5.776070382
Merged4_normal,cube,105x105x105,maximal_residual_box,bottom_top,geometry_only,5,5,5,TRUE,3;7;13;19;53,,5,4.2,0.447213595,5,0.324537013,0.030236951,5,0.363185833,0.026503691,5,4.2,0.447213595,5,0.324537013,0.030236951,5,0.363185833,0.026503691,5,92.4094739,4.683681031,5,94.74500189,4.689580412
Merged4_normal,cube,105x105x105,minimum_aabb_edges_len,all,geometry_only,5,5,5,TRUE,3;7;13;19;53,,5,5,0,5,0.270447511,0,5,0.327514869,0.006612552,5,5,0,5,0.270447511,0,5,0.327514869,0.006612552,5,122.0061972,4.694369022,5,124.6431859,5.289233938
Merged4_normal,cube,105x105x105,minimum_aabb_edges_len,bottom,geometry_only,5,5,5,TRUE,3;7;13;19;53,,5,4.2,0.447213595,5,0.324537013,0.030236951,5,0.359675658,0.016498448,5,4.2,0.447213595,5,0.324537013,0.030236951,5,0.359675658,0.016498448,5,91.61467028,6.020295849,5,93.93769655,6.006697779
Merged4_normal,cube,105x105x105,minimum_aabb_edges_len,bottom_top,geometry_only,5,5,5,TRUE,3;7;13;19;53,,5,4.8,0.447213595,5,0.283969887,0.030236951,5,0.340267127,0.02435435,5,4.8,0.447213595,5,0.283969887,0.030236951,5,0.340267127,0.02435435,5,98.58391905,2.975185889,5,100.9191518,2.928263199
Merged4_normal,cube,105x105x105,minimum_aabb_volume,all,geometry_only,5,5,5,TRUE,3;7;13;19;53,,5,5,0,5,0.270447511,0,5,0.317713033,0.010555726,5,5,0,5,0.270447511,0,5,0.317713033,0.010555726,5,121.0411231,7.945396015,5,123.4086188,7.926892915
Merged4_normal,cube,105x105x105,minimum_aabb_volume,bottom,geometry_only,5,5,5,TRUE,3;7;13;19;53,,5,4.6,0.547722558,5,0.297492262,0.037032551,5,0.342412266,0.016945111,5,4.6,0.547722558,5,0.297492262,0.037032551,5,0.342412266,0.016945111,5,88.34109077,4.078511871,5,91.03090496,4.589031259
Merged4_normal,cube,105x105x105,minimum_aabb_volume,bottom_top,geometry_only,5,5,5,TRUE,3;7;13;19;53,,5,4.4,0.547722558,5,0.311014638,0.037032551,5,0.353477105,0.022654127,5,4.4,0.547722558,5,0.311014638,0.037032551,5,0.353477105,0.022654127,5,93.10168161,3.306177236,5,95.45409994,3.306484655
Merged4_normal,cube,105x105x105,overlap_distance,all,geometry_only,5,5,5,TRUE,3;7;13;19;53,,5,5,0,5,0.270447511,0,5,0.306920592,0.012694948,5,5,0,5,0.270447511,0,5,0.306920592,0.012694948,5,556.7891979,30.09853043,5,559.3503535,30.01368691
Merged4_normal,cube,105x105x105,overlap_distance,bottom,geometry_only,5,5,5,TRUE,3;7;13;19;53,,5,4.8,0.447213595,5,0.283969887,0.030236951,5,0.335024713,0.01617993,5,4.8,0.447213595,5,0.283969887,0.030236951,5,0.335024713,0.01617993,5,287.0554963,26.03648553,5,289.4197028,26.05278328
Merged4_normal,cube,105x105x105,overlap_distance,bottom_top,geometry_only,5,5,5,TRUE,3;7;13;19;53,,5,4.6,0.547722558,5,0.297492262,0.037032551,5,0.34294881,0.024483782,5,4.6,0.547722558,5,0.297492262,0.037032551,5,0.34294881,0.024483782,5,326.617042,28.51286173,5,328.9525423,28.52963632
Merged4_normal,cylinder,121x121x121,maximal_residual_box,all,geometry_only,5,5,5,TRUE,3;7;13;19;53,,5,5,0,5,0.225011593,0,5,0.264848747,0.004812584,5,5,0,5,0.225011593,0,5,0.264848747,0.004812584,5,526.1814602,15.94751789,5,528.7233188,15.86855133
Merged4_normal,cylinder,121x121x121,maximal_residual_box,bottom,geometry_only,5,5,5,TRUE,3;7;13;19;53,,5,4,0,5,0.281264491,0,5,0.308155764,0.007601399,5,4,0,5,0.281264491,0,5,0.308155764,0.007601399,5,428.3801792,10.07041124,5,430.9717393,10.09709094
Merged4_normal,cylinder,121x121x121,maximal_residual_box,bottom_top,geometry_only,5,5,5,TRUE,3;7;13;19;53,,5,4,0,5,0.281264491,0,5,0.316149358,0.011848836,5,4,0,5,0.281264491,0,5,0.316149358,0.011848836,5,435.4791786,8.786983741,5,438.0835904,8.769895293
Merged4_normal,cylinder,121x121x121,minimum_aabb_edges_len,all,geometry_only,5,5,5,TRUE,3;7;13;19;53,,5,4.6,0.547722558,5,0.247512752,0.030810981,5,0.2909954,0.021663685,5,4.6,0.547722558,5,0.247512752,0.030810981,5,0.2909954,0.021663685,5,502.4202217,12.341547,5,505.0159841,12.34033491
Merged4_normal,cylinder,121x121x121,minimum_aabb_edges_len,bottom,geometry_only,5,5,5,TRUE,3;7;13;19;53,,5,4,0,5,0.281264491,0,5,0.304204677,0.012602716,5,4,0,5,0.281264491,0,5,0.304204677,0.012602716,5,434.5543316,9.082447734,5,437.118562,9.098869712
Merged4_normal,cylinder,121x121x121,minimum_aabb_edges_len,bottom_top,geometry_only,5,5,5,TRUE,3;7;13;19;53,,5,4,0,5,0.281264491,0,5,0.316170489,0.007716839,5,4,0,5,0.281264491,0,5,0.316170489,0.007716839,5,448.9099897,9.31642385,5,451.5009606,9.321172186
Merged4_normal,cylinder,121x121x121,minimum_aabb_volume,all,geometry_only,5,5,5,TRUE,3;7;13;19;53,,5,4.8,0.447213595,5,0.236262172,0.025157061,5,0.279895299,0.017816775,5,4.8,0.447213595,5,0.236262172,0.025157061,5,0.279895299,0.017816775,5,490.753628,16.16673468,5,493.3052268,16.14549201
Merged4_normal,cylinder,121x121x121,minimum_aabb_volume,bottom,geometry_only,5,5,5,TRUE,3;7;13;19;53,,5,4.4,0.547722558,5,0.258763332,0.030810981,5,0.292026702,0.018324451,5,4.4,0.547722558,5,0.258763332,0.030810981,5,0.292026702,0.018324451,5,425.343911,10.00681383,5,427.9354073,10.02553673
Merged4_normal,cylinder,121x121x121,minimum_aabb_volume,bottom_top,geometry_only,5,5,5,TRUE,3;7;13;19;53,,5,4.2,0.447213595,5,0.270013911,0.025157061,5,0.299480784,0.019065003,5,4.2,0.447213595,5,0.270013911,0.025157061,5,0.299480784,0.019065003,5,441.7962059,12.57856593,5,444.3792774,12.58576398
Merged4_normal,cylinder,121x121x121,overlap_distance,all,geometry_only,5,5,5,TRUE,3;7;13;19;53,,5,5,0,5,0.225011593,0,5,0.260740885,0.009879027,5,5,0,5,0.225011593,0,5,0.260740885,0.009879027,5,1254.499732,72.51950694,5,1257.063216,72.50441196
Merged4_normal,cylinder,121x121x121,overlap_distance,bottom,geometry_only,5,5,5,TRUE,3;7;13;19;53,,5,4.2,0.447213595,5,0.270013911,0.025157061,5,0.307098637,0.026591078,5,4.2,0.447213595,5,0.270013911,0.025157061,5,0.307098637,0.026591078,5,712.2794436,53.81529181,5,714.8660641,53.81396494
Merged4_normal,cylinder,121x121x121,overlap_distance,bottom_top,geometry_only,5,5,5,TRUE,3;7;13;19;53,,5,4.4,0.547722558,5,0.258763332,0.030810981,5,0.305034931,0.037400317,5,4.4,0.547722558,5,0.258763332,0.030810981,5,0.305034931,0.037400317,5,822.4215956,35.79446971,5,824.9667326,35.80018059
Merged5_normal,cube,105x105x105,maximal_residual_box,all,geometry_only,5,5,5,TRUE,3;7;13;19;53,,5,6,0,5,0.281716157,0,5,0.316359857,0.00720704,5,6,0,5,0.281716157,0,5,0.316359857,0.00720704,5,164.1738882,6.312962061,5,166.7762971,6.300035802
Merged5_normal,cube,105x105x105,maximal_residual_box,bottom,geometry_only,5,5,5,TRUE,3;7;13;19;53,,5,5.2,0.447213595,5,0.326790743,0.025197459,5,0.363063315,0.02075478,5,5.2,0.447213595,5,0.326790743,0.025197459,5,0.363063315,0.02075478,5,122.6945369,5.450528407,5,125.210013,5.432434878
Merged5_normal,cube,105x105x105,maximal_residual_box,bottom_top,geometry_only,5,5,5,TRUE,3;7;13;19;53,,5,5.2,0.447213595,5,0.326790743,0.025197459,5,0.368349137,0.023245566,5,5.2,0.447213595,5,0.326790743,0.025197459,5,0.368349137,0.023245566,5,126.1301831,6.500323423,5,128.6925432,6.400643387
Merged5_normal,cube,105x105x105,minimum_aabb_edges_len,all,geometry_only,5,5,5,TRUE,3;7;13;19;53,,5,5.4,0.547722558,5,0.315522096,0.030860459,5,0.342839158,0.019675025,5,5.4,0.547722558,5,0.315522096,0.030860459,5,0.342839158,0.019675025,5,162.0917517,11.35511465,5,164.6440656,11.28473902
Merged5_normal,cube,105x105x105,minimum_aabb_edges_len,bottom,geometry_only,5,5,5,TRUE,3;7;13;19;53,,5,5.4,0.547722558,5,0.315522096,0.030860459,5,0.3534249,0.02951022,5,5.4,0.547722558,5,0.315522096,0.030860459,5,0.3534249,0.02951022,5,121.6686702,1.581355525,5,124.1141234,1.5692036
Merged5_normal,cube,105x105x105,minimum_aabb_edges_len,bottom_top,geometry_only,5,5,5,TRUE,3;7;13;19;53,,5,5,0,5,0.338059389,0,5,0.372366699,0.012756407,5,5,0,5,0.338059389,0,5,0.372366699,0.012756407,5,128.8518335,4.326422018,5,131.4554491,4.339022665
Merged5_normal,cube,105x105x105,minimum_aabb_volume,all,geometry_only,5,5,5,TRUE,3;7;13;19;53,,5,6,0,5,0.281716157,0,5,0.31222052,0.011516423,5,6,0,5,0.281716157,0,5,0.31222052,0.011516423,5,165.277858,7.009626126,5,167.8611848,6.971640639
Merged5_normal,cube,105x105x105,minimum_aabb_volume,bottom,geometry_only,5,5,5,TRUE,3;7;13;19;53,,5,5.2,0.447213595,5,0.326790743,0.025197459,5,0.360397037,0.018580231,5,5.2,0.447213595,5,0.326790743,0.025197459,5,0.360397037,0.018580231,5,118.5869142,3.096407653,5,121.170882,3.145352694
Merged5_normal,cube,105x105x105,minimum_aabb_volume,bottom_top,geometry_only,5,5,5,TRUE,3;7;13;19;53,,5,5.4,0.547722558,5,0.315522096,0.030860459,5,0.349376188,0.015612812,5,5.4,0.547722558,5,0.315522096,0.030860459,5,0.349376188,0.015612812,5,124.0671627,5.147268791,5,126.6357752,5.078150228
Merged5_normal,cube,105x105x105,overlap_distance,all,geometry_only,5,5,5,TRUE,3;7;13;19;53,,5,6,0,5,0.281716157,0,5,0.317798354,0.011942487,5,6,0,5,0.281716157,0,5,0.317798354,0.011942487,5,714.7291083,49.18803228,5,717.2962632,49.15153588
Merged5_normal,cube,105x105x105,overlap_distance,bottom,geometry_only,5,5,5,TRUE,3;7;13;19;53,,5,5.4,0.547722558,5,0.315522096,0.030860459,5,0.350746122,0.026630888,5,5.4,0.547722558,5,0.315522096,0.030860459,5,0.350746122,0.026630888,5,419.4012094,63.42006506,5,421.9448426,63.44858462
Merged5_normal,cube,105x105x105,overlap_distance,bottom_top,geometry_only,5,5,5,TRUE,3;7;13;19;53,,5,5.8,0.447213595,5,0.292984804,0.025197459,5,0.336332085,0.020391053,5,5.8,0.447213595,5,0.292984804,0.025197459,5,0.336332085,0.020391053,5,371.7648566,35.84968344,5,374.3686696,35.85010213
Merged5_normal,cylinder,121x121x121,maximal_residual_box,all,geometry_only,5,5,5,TRUE,3;7;13;19;53,,5,5.8,0.447213595,5,0.243762559,0.020964217,5,0.275151621,0.019334389,5,5.8,0.447213595,5,0.243762559,0.020964217,5,0.275151621,0.019334389,5,697.9656655,23.84581863,5,700.8270599,23.76268475
Merged5_normal,cylinder,121x121x121,maximal_residual_box,bottom,geometry_only,5,5,5,TRUE,3;7;13;19;53,,5,5,0,5,0.281264491,0,5,0.308348954,0.009955586,5,5,0,5,0.281264491,0,5,0.308348954,0.009955586,5,586.7171481,16.36245557,5,589.4614474,16.3430061
Merged5_normal,cylinder,121x121x121,maximal_residual_box,bottom_top,geometry_only,5,5,5,TRUE,3;7;13;19;53,,5,5,0,5,0.281264491,0,5,0.31608713,0.00862236,5,5,0,5,0.281264491,0,5,0.31608713,0.00862236,5,594.2744774,14.88628888,5,597.21196,14.88369104
Merged5_normal,cylinder,121x121x121,minimum_aabb_edges_len,all,geometry_only,5,5,5,TRUE,3;7;13;19;53,,5,5,0,5,0.281264491,0,5,0.306615711,0.007638811,5,5,0,5,0.281264491,0,5,0.306615711,0.007638811,5,670.4379296,14.19034443,5,673.3699996,14.17214855
Merged5_normal,cylinder,121x121x121,minimum_aabb_edges_len,bottom,geometry_only,5,5,5,TRUE,3;7;13;19;53,,5,5,0,5,0.281264491,0,5,0.314235337,0.009406258,5,5,0,5,0.281264491,0,5,0.314235337,0.009406258,5,570.9304729,3.179062304,5,573.8200512,3.154476755
Merged5_normal,cylinder,121x121x121,minimum_aabb_edges_len,bottom_top,geometry_only,5,5,5,TRUE,3;7;13;19;53,,5,5,0,5,0.281264491,0,5,0.327145713,0.00675646,5,5,0,5,0.281264491,0,5,0.327145713,0.00675646,5,573.7054248,22.44614741,5,576.9717189,22.61537824
Merged5_normal,cylinder,121x121x121,minimum_aabb_volume,all,geometry_only,5,5,5,TRUE,3;7;13;19;53,,5,6,0,5,0.234387076,0,5,0.272050478,0.004572218,5,6,0,5,0.234387076,0,5,0.272050478,0.004572218,5,681.5011284,21.95722124,5,684.465947,21.9442926
Merged5_normal,cylinder,121x121x121,minimum_aabb_volume,bottom,geometry_only,5,5,5,TRUE,3;7;13;19;53,,5,5.2,0.447213595,5,0.271889008,0.020964217,5,0.303980969,0.018682594,5,5.2,0.447213595,5,0.271889008,0.020964217,5,0.303980969,0.018682594,5,583.175053,16.39579065,5,586.0299888,16.34280969
Merged5_normal,cylinder,121x121x121,minimum_aabb_volume,bottom_top,geometry_only,5,5,5,TRUE,3;7;13;19;53,,5,5,0,5,0.281264491,0,5,0.313400446,0.009273463,5,5,0,5,0.281264491,0,5,0.313400446,0.009273463,5,590.3180524,18.75635326,5,593.1963972,18.76126494
Merged5_normal,cylinder,121x121x121,overlap_distance,all,geometry_only,5,5,5,TRUE,3;7;13;19;53,,5,6,0,5,0.234387076,0,5,0.269699864,0.005219776,5,6,0,5,0.234387076,0,5,0.269699864,0.005219776,5,1673.094664,176.2337398,5,1676.248743,175.7861873
Merged5_normal,cylinder,121x121x121,overlap_distance,bottom,geometry_only,5,5,5,TRUE,3;7;13;19;53,,5,5.2,0.447213595,5,0.271889008,0.020964217,5,0.303057986,0.020231434,5,5.2,0.447213595,5,0.271889008,0.020964217,5,0.303057986,0.020231434,5,1032.416083,79.96731186,5,1035.312722,79.97419819
Merged5_normal,cylinder,121x121x121,overlap_distance,bottom_top,geometry_only,5,5,5,TRUE,3;7;13;19;53,,5,5.4,0.547722558,5,0.262513525,0.025675818,5,0.293283652,0.01801882,5,5.4,0.547722558,5,0.262513525,0.025675818,5,0.293283652,0.01801882,5,1113.538755,78.56928688,5,1116.480422,78.55550024
St_05_Example3_normal,cube,157x157x157,maximal_residual_box,all,geometry_only,5,5,5,TRUE,3;7;13;19;53,,5,2.4,0.547722558,5,0.267853538,0.056426702,5,0.312856402,0.01586476,5,2.4,0.547722558,5,0.267853538,0.056426702,5,0.312856402,0.01586476,5,177.6019154,12.31103748,5,179.3439791,12.27925065
St_05_Example3_normal,cube,157x157x157,maximal_residual_box,bottom,geometry_only,5,5,5,TRUE,3;7;13;19;53,,5,2,0,5,0.309061775,0,5,0.376950732,0.038726621,5,2,0,5,0.309061775,0,5,0.376950732,0.038726621,5,125.8293857,3.013439714,5,127.6148532,3.036610143
St_05_Example3_normal,cube,157x157x157,maximal_residual_box,bottom_top,geometry_only,5,5,5,TRUE,3;7;13;19;53,,5,2,0,5,0.309061775,0,5,0.376950732,0.038726621,5,2,0,5,0.309061775,0,5,0.376950732,0.038726621,5,133.1241696,4.05890809,5,134.9289472,4.050543709
St_05_Example3_normal,cube,157x157x157,minimum_aabb_edges_len,all,geometry_only,5,5,5,TRUE,3;7;13;19;53,,5,2,0,5,0.309061775,0,5,0.342710974,0.023631551,5,2,0,5,0.309061775,0,5,0.342710974,0.023631551,5,200.316148,6.879875622,5,202.1026786,6.877281714
St_05_Example3_normal,cube,157x157x157,minimum_aabb_edges_len,bottom,geometry_only,5,5,5,TRUE,3;7;13;19;53,,5,2,0,5,0.309061775,0,5,0.363627987,0.015044485,5,2,0,5,0.309061775,0,5,0.363627987,0.015044485,5,145.3622565,5.973435113,5,147.1557213,5.989658514
St_05_Example3_normal,cube,157x157x157,minimum_aabb_edges_len,bottom_top,geometry_only,5,5,5,TRUE,3;7;13;19;53,,5,2,0,5,0.309061775,0,5,0.371420243,0.012644649,5,2,0,5,0.309061775,0,5,0.371420243,0.012644649,5,167.4872307,11.83521796,5,169.1224101,11.74090571
St_05_Example3_normal,cube,157x157x157,minimum_aabb_volume,all,geometry_only,5,5,5,TRUE,3;7;13;19;53,,5,2.4,0.547722558,5,0.267853538,0.056426702,5,0.32002045,0.026415426,5,2.4,0.547722558,5,0.267853538,0.056426702,5,0.32002045,0.026415426,5,174.0013506,4.224201099,5,175.7523445,4.186818512
St_05_Example3_normal,cube,157x157x157,minimum_aabb_volume,bottom,geometry_only,5,5,5,TRUE,3;7;13;19;53,,5,2,0,5,0.309061775,0,5,0.365627887,0.030481487,5,2,0,5,0.309061775,0,5,0.365627887,0.030481487,5,126.038391,7.681205219,5,127.8325633,7.572133093
St_05_Example3_normal,cube,157x157x157,minimum_aabb_volume,bottom_top,geometry_only,5,5,5,TRUE,3;7;13;19;53,,5,2,0,5,0.309061775,0,5,0.365627887,0.030481487,5,2,0,5,0.309061775,0,5,0.365627887,0.030481487,5,131.9833296,4.386098254,5,133.7012042,4.349149421
St_05_Example3_normal,cube,157x157x157,overlap_distance,all,geometry_only,5,5,5,TRUE,3;7;13;19;53,,5,2.8,0.447213595,5,0.226645302,0.046072209,5,0.315300862,0.047112928,5,2.8,0.447213595,5,0.226645302,0.046072209,5,0.315300862,0.047112928,5,653.6550285,56.55685016,5,655.4106518,56.53128426
St_05_Example3_normal,cube,157x157x157,overlap_distance,bottom,geometry_only,5,5,5,TRUE,3;7;13;19;53,,5,2,0,5,0.309061775,0,5,0.366264752,0.026043743,5,2,0,5,0.309061775,0,5,0.366264752,0.026043743,5,307.3024664,15.23524625,5,309.0003086,15.27734416
St_05_Example3_normal,cube,157x157x157,overlap_distance,bottom_top,geometry_only,5,5,5,TRUE,3;7;13;19;53,,5,2,0,5,0.309061775,0,5,0.36217513,0.021215378,5,2,0,5,0.309061775,0,5,0.36217513,0.021215378,5,388.5878559,62.83057521,5,390.397482,62.81607284
St_05_Example3_normal,cylinder,174x174x174,maximal_residual_box,all,geometry_only,5,5,5,TRUE,3;7;13;19;53,,5,2.8,0.447213595,5,0.211986425,0.043092369,5,0.275682417,0.008533868,5,2.8,0.447213595,5,0.211986425,0.043092369,5,0.275682417,0.008533868,5,646.128713,34.38010347,5,647.9951706,34.46808333
St_05_Example3_normal,cylinder,174x174x174,maximal_residual_box,bottom,geometry_only,5,5,5,TRUE,3;7;13;19;53,,5,2,0,5,0.289072398,0,5,0.320308438,0.019262006,5,2,0,5,0.289072398,0,5,0.320308438,0.019262006,5,558.6797852,16.33097791,5,560.6732779,16.32179275
St_05_Example3_normal,cylinder,174x174x174,maximal_residual_box,bottom_top,geometry_only,5,5,5,TRUE,3;7;13;19;53,,5,2,0,5,0.289072398,0,5,0.330858779,0.019948889,5,2,0,5,0.289072398,0,5,0.330858779,0.019948889,5,565.781636,12.84054657,5,567.7765972,12.84816558
St_05_Example3_normal,cylinder,174x174x174,minimum_aabb_edges_len,all,geometry_only,5,5,5,TRUE,3;7;13;19;53,,5,2.4,0.547722558,5,0.250529412,0.052777158,5,0.310251172,0.041780117,5,2.4,0.547722558,5,0.250529412,0.052777158,5,0.310251172,0.041780117,5,666.1766413,23.8771011,5,668.0917114,23.83049338
St_05_Example3_normal,cylinder,174x174x174,minimum_aabb_edges_len,bottom,geometry_only,5,5,5,TRUE,3;7;13;19;53,,5,2.4,0.547722558,5,0.250529412,0.052777158,5,0.306770734,0.028034786,5,2.4,0.547722558,5,0.250529412,0.052777158,5,0.306770734,0.028034786,5,584.3745561,17.40417559,5,586.2910125,17.36943583
St_05_Example3_normal,cylinder,174x174x174,minimum_aabb_edges_len,bottom_top,geometry_only,5,5,5,TRUE,3;7;13;19;53,,5,2,0,5,0.289072398,0,5,0.357996012,0.028025125,5,2,0,5,0.289072398,0,5,0.357996012,0.028025125,5,585.6063312,10.03199959,5,587.5156822,9.967204467
St_05_Example3_normal,cylinder,174x174x174,minimum_aabb_volume,all,geometry_only,5,5,5,TRUE,3;7;13;19;53,,5,2.8,0.447213595,5,0.211986425,0.043092369,5,0.27359746,0.011717009,5,2.8,0.447213595,5,0.211986425,0.043092369,5,0.27359746,0.011717009,5,651.0856171,25.45335195,5,653.0734996,25.46348943
St_05_Example3_normal,cylinder,174x174x174,minimum_aabb_volume,bottom,geometry_only,5,5,5,TRUE,3;7;13;19;53,,5,2.4,0.547722558,5,0.250529412,0.052777158,5,0.304133294,0.030548276,5,2.4,0.547722558,5,0.250529412,0.052777158,5,0.304133294,0.030548276,5,552.4148778,16.60854957,5,554.4223506,16.61160054
St_05_Example3_normal,cylinder,174x174x174,minimum_aabb_volume,bottom_top,geometry_only,5,5,5,TRUE,3;7;13;19;53,,5,2.4,0.547722558,5,0.250529412,0.052777158,5,0.299963381,0.02473219,5,2.4,0.547722558,5,0.250529412,0.052777158,5,0.299963381,0.02473219,5,574.6766634,16.36307433,5,576.6108711,16.35660382
St_05_Example3_normal,cylinder,174x174x174,overlap_distance,all,geometry_only,5,5,5,TRUE,3;7;13;19;53,,5,3,0,5,0.192714932,0,5,0.258226861,0.014412249,5,3,0,5,0.192714932,0,5,0.258226861,0.014412249,5,1275.570222,39.39710506,5,1277.554228,39.39339082
St_05_Example3_normal,cylinder,174x174x174,overlap_distance,bottom,geometry_only,5,5,5,TRUE,3;7;13;19;53,,5,2.2,0.447213595,5,0.269800905,0.043092369,5,0.314835708,0.030391857,5,2.2,0.447213595,5,0.269800905,0.043092369,5,0.314835708,0.030391857,5,862.9114805,36.34785047,5,864.8810724,36.35240279
St_05_Example3_normal,cylinder,174x174x174,overlap_distance,bottom_top,geometry_only,5,5,5,TRUE,3;7;13;19;53,,5,2,0,5,0.289072398,0,5,0.349431847,0.01397269,5,2,0,5,0.289072398,0,5,0.349431847,0.01397269,5,918.5882442,79.16679272,5,920.5211103,79.19258051
chess,cube,56x56x56,maximal_residual_box,all,geometry_only,5,5,5,TRUE,3;7;13;19;53,,5,3.4,0.547722558,5,0.212621857,0.032349385,5,0.240254115,0.015270063,5,3.4,0.547722558,5,0.212621857,0.032349385,5,0.240254115,0.015270063,5,9.420383167,0.48830426,5,10.50730286,0.504720114
chess,cube,56x56x56,maximal_residual_box,bottom,geometry_only,5,5,5,TRUE,3;7;13;19;53,,5,3,0,5,0.236246508,0,5,0.27275533,0.010959909,5,3,0,5,0.236246508,0,5,0.27275533,0.010959909,5,6.016666365,0.107877938,5,7.090341902,0.103737809
chess,cube,56x56x56,maximal_residual_box,bottom_top,geometry_only,5,5,5,TRUE,3;7;13;19;53,,5,3,0,5,0.236246508,0,5,0.27275533,0.010959909,5,3,0,5,0.236246508,0,5,0.27275533,0.010959909,5,6.579128122,0.278556923,5,7.667123842,0.271941172
chess,cube,56x56x56,minimum_aabb_edges_len,all,geometry_only,5,5,5,TRUE,3;7;13;19;53,,5,3.8,0.447213595,5,0.188997206,0.026413163,5,0.228529671,0.011794913,5,3.8,0.447213595,5,0.188997206,0.026413163,5,0.228529671,0.011794913,5,8.897934437,0.345747842,5,9.959022045,0.341724662
chess,cube,56x56x56,minimum_aabb_edges_len,bottom,geometry_only,5,5,5,TRUE,3;7;13;19;53,,5,3.2,0.447213595,5,0.224434182,0.026413163,5,0.255256734,0.023261083,5,3.2,0.447213595,5,0.224434182,0.026413163,5,0.255256734,0.023261083,5,6.354147291,0.203728044,5,7.372341633,0.270101002
chess,cube,56x56x56,minimum_aabb_edges_len,bottom_top,geometry_only,5,5,5,TRUE,3;7;13;19;53,,5,3,0,5,0.236246508,0,5,0.25973089,0.012791511,5,3,0,5,0.236246508,0,5,0.25973089,0.012791511,5,7.064685106,0.336430651,5,8.135693645,0.33368529
chess,cube,56x56x56,minimum_aabb_volume,all,geometry_only,5,5,5,TRUE,3;7;13;19;53,,5,4,0,5,0.177184881,0,5,0.221615343,0.005779339,5,4,0,5,0.177184881,0,5,0.221615343,0.005779339,5,8.591715479,0.255119049,5,9.739434242,0.244558678
chess,cube,56x56x56,minimum_aabb_volume,bottom,geometry_only,5,5,5,TRUE,3;7;13;19;53,,5,3,0,5,0.236246508,0,5,0.271091472,0.014664763,5,3,0,5,0.236246508,0,5,0.271091472,0.014664763,5,6.0347157,0.23449817,5,7.123458862,0.242388486
chess,cube,56x56x56,minimum_aabb_volume,bottom_top,geometry_only,5,5,5,TRUE,3;7;13;19;53,,5,3,0,5,0.236246508,0,5,0.271091472,0.014664763,5,3,0,5,0.236246508,0,5,0.271091472,0.014664763,5,6.569833422,0.275104829,5,7.5964468,0.274379893
chess,cube,56x56x56,overlap_distance,all,geometry_only,5,5,5,TRUE,3;7;13;19;53,,5,4,0,5,0.177184881,0,5,0.202257577,0.015265976,5,4,0,5,0.177184881,0,5,0.202257577,0.015265976,5,29.34301186,3.28376615,5,30.35750332,3.315566924
chess,cube,56x56x56,overlap_distance,bottom,geometry_only,5,5,5,TRUE,3;7;13;19;53,,5,3.2,0.447213595,5,0.224434182,0.026413163,5,0.249019262,0.016188354,5,3.2,0.447213595,5,0.224434182,0.026413163,5,0.249019262,0.016188354,5,16.31725097,2.629147003,5,17.35550537,2.600903229
chess,cube,56x56x56,overlap_distance,bottom_top,geometry_only,5,5,5,TRUE,3;7;13;19;53,,5,3.2,0.447213595,5,0.224434182,0.026413163,5,0.250844836,0.016732477,5,3.2,0.447213595,5,0.224434182,0.026413163,5,0.250844836,0.016732477,5,19.36212468,2.474152796,5,20.45522013,2.531408196
chess,cylinder,62x62x62,maximal_residual_box,all,geometry_only,5,5,5,TRUE,3;7;13;19;53,,5,3.6,0.547722558,5,0.188401109,0.030350452,5,0.22205011,0.016442326,5,3.6,0.547722558,5,0.188401109,0.030350452,5,0.22205011,0.016442326,5,30.03329029,0.831855493,5,31.14520073,0.808061172
chess,cylinder,62x62x62,maximal_residual_box,bottom,geometry_only,5,5,5,TRUE,3;7;13;19;53,,5,3,0,5,0.221648363,0,5,0.247195284,0.008052119,5,3,0,5,0.221648363,0,5,0.247195284,0.008052119,5,24.62516437,1.030757066,5,25.7230885,1.086184998
chess,cylinder,62x62x62,maximal_residual_box,bottom_top,geometry_only,5,5,5,TRUE,3;7;13;19;53,,5,3,0,5,0.221648363,0,5,0.251761419,0.013066625,5,3,0,5,0.221648363,0,5,0.251761419,0.013066625,5,25.80171289,0.771120838,5,26.89136114,0.743907803
chess,cylinder,62x62x62,minimum_aabb_edges_len,all,geometry_only,5,5,5,TRUE,3;7;13;19;53,,5,3.6,0.547722558,5,0.188401109,0.030350452,5,0.213422873,0.011136729,5,3.6,0.547722558,5,0.188401109,0.030350452,5,0.213422873,0.011136729,5,30.10850186,1.047907291,5,31.14385991,1.145085918
chess,cylinder,62x62x62,minimum_aabb_edges_len,bottom,geometry_only,5,5,5,TRUE,3;7;13;19;53,,5,3,0,5,0.221648363,0,5,0.236037716,0.006881677,5,3,0,5,0.221648363,0,5,0.236037716,0.006881677,5,25.15230455,0.429922916,5,26.33851085,0.390149617
chess,cylinder,62x62x62,minimum_aabb_edges_len,bottom_top,geometry_only,5,5,5,TRUE,3;7;13;19;53,,5,3,0,5,0.221648363,0,5,0.251555203,0.007550594,5,3,0,5,0.221648363,0,5,0.251555203,0.007550594,5,25.73960285,0.725223535,5,26.88612185,0.706929709
chess,cylinder,62x62x62,minimum_aabb_volume,all,geometry_only,5,5,5,TRUE,3;7;13;19;53,,5,4,0,5,0.166236272,0,5,0.199557252,0.007893458,5,4,0,5,0.166236272,0,5,0.199557252,0.007893458,5,30.83667955,0.510458436,5,31.97829685,0.47105189
chess,cylinder,62x62x62,minimum_aabb_volume,bottom,geometry_only,5,5,5,TRUE,3;7;13;19;53,,5,3,0,5,0.221648363,0,5,0.237005756,0.011000608,5,3,0,5,0.221648363,0,5,0.237005756,0.011000608,5,25.0785943,0.676205342,5,26.18492312,0.66311315
chess,cylinder,62x62x62,minimum_aabb_volume,bottom_top,geometry_only,5,5,5,TRUE,3;7;13;19;53,,5,3,0,5,0.221648363,0,5,0.237005756,0.011000608,5,3,0,5,0.221648363,0,5,0.237005756,0.011000608,5,26.34435601,0.674387745,5,27.43742456,0.795838565
chess,cylinder,62x62x62,overlap_distance,all,geometry_only,5,5,5,TRUE,3;7;13;19;53,,5,4,0,5,0.166236272,0,5,0.194496234,0.011007728,5,4,0,5,0.166236272,0,5,0.194496234,0.011007728,5,62.12645631,2.677220873,5,63.27954459,2.718391529
chess,cylinder,62x62x62,overlap_distance,bottom,geometry_only,5,5,5,TRUE,3;7;13;19;53,,5,4,0,5,0.166236272,0,5,0.207046561,0.004090141,5,4,0,5,0.166236272,0,5,0.207046561,0.004090141,5,35.89246478,2.538928136,5,37.02294621,2.580026165
chess,cylinder,62x62x62,overlap_distance,bottom_top,geometry_only,5,5,5,TRUE,3;7;13;19;53,,5,4,0,5,0.166236272,0,5,0.210919789,0.00166726,5,4,0,5,0.166236272,0,5,0.210919789,0.00166726,5,45.26286669,2.247184355,5,46.30992689,2.323112475
engine,cube,73x73x73,maximal_residual_box,all,geometry_only,5,5,5,TRUE,3;7;13;19;53,,5,2.8,0.447213595,5,0.168704538,0.034294074,5,0.219608655,0.02910129,5,2.8,0.447213595,5,0.168704538,0.034294074,5,0.219608655,0.02910129,5,53.94383917,1.443274836,5,55.48192015,1.470111961
engine,cube,73x73x73,maximal_residual_box,bottom,geometry_only,5,5,5,TRUE,3;7;13;19;53,,5,2.2,0.447213595,5,0.214714867,0.034294074,5,0.260141331,0.026780591,5,2.2,0.447213595,5,0.214714867,0.034294074,5,0.260141331,0.026780591,5,34.23381953,2.698345746,5,35.77945981,2.714393051
engine,cube,73x73x73,maximal_residual_box,bottom_top,geometry_only,5,5,5,TRUE,3;7;13;19;53,,5,2.2,0.447213595,5,0.214714867,0.034294074,5,0.259931828,0.029782022,5,2.2,0.447213595,5,0.214714867,0.034294074,5,0.259931828,0.029782022,5,40.80787907,2.03448927,5,42.31760097,2.031127996
engine,cube,73x73x73,minimum_aabb_edges_len,all,geometry_only,5,5,5,TRUE,3;7;13;19;53,,5,2.4,0.547722558,5,0.199378091,0.042001491,5,0.251780256,0.034187573,5,2.4,0.547722558,5,0.199378091,0.042001491,5,0.251780256,0.034187573,5,54.38421402,1.933658097,5,55.86265116,2.008638271
engine,cube,73x73x73,minimum_aabb_edges_len,bottom,geometry_only,5,5,5,TRUE,3;7;13;19;53,,5,2.4,0.547722558,5,0.199378091,0.042001491,5,0.240753746,0.033907776,5,2.4,0.547722558,5,0.199378091,0.042001491,5,0.240753746,0.033907776,5,35.42731318,1.139129379,5,36.94523716,1.178892451
engine,cube,73x73x73,minimum_aabb_edges_len,bottom_top,geometry_only,5,5,5,TRUE,3;7;13;19;53,,5,2.4,0.547722558,5,0.199378091,0.042001491,5,0.245911875,0.043057312,5,2.4,0.547722558,5,0.199378091,0.042001491,5,0.245911875,0.043057312,5,41.12114983,1.371218731,5,42.5617578,1.306801933
engine,cube,73x73x73,minimum_aabb_volume,all,geometry_only,5,5,5,TRUE,3;7;13;19;53,,5,3,0,5,0.153367762,0,5,0.21091649,0.014935178,5,3,0,5,0.153367762,0,5,0.21091649,0.014935178,5,54.62476816,1.250871678,5,56.19645572,1.201894552
engine,cube,73x73x73,minimum_aabb_volume,bottom,geometry_only,5,5,5,TRUE,3;7;13;19;53,,5,2.2,0.447213595,5,0.214714867,0.034294074,5,0.265411537,0.030820781,5,2.2,0.447213595,5,0.214714867,0.034294074,5,0.265411537,0.030820781,5,34.91088262,1.251163572,5,36.6128943,1.187787549
engine,cube,73x73x73,minimum_aabb_volume,bottom_top,geometry_only,5,5,5,TRUE,3;7;13;19;53,,5,2,0,5,0.230051643,0,5,0.272204557,0.014347411,5,2,0,5,0.230051643,0,5,0.272204557,0.014347411,5,47.38039751,14.49145037,5,48.87574625,14.47001884
engine,cube,73x73x73,overlap_distance,all,geometry_only,5,5,5,TRUE,3;7;13;19;53,,5,2.8,0.447213595,5,0.168704538,0.034294074,5,0.204905698,0.033153644,5,2.8,0.447213595,5,0.168704538,0.034294074,5,0.204905698,0.033153644,5,1463.863602,151.5556663,5,1465.412779,151.5778822
engine,cube,73x73x73,overlap_distance,bottom,geometry_only,5,5,5,TRUE,3;7;13;19;53,,5,2.8,0.447213595,5,0.168704538,0.034294074,5,0.225594511,0.031774757,5,2.8,0.447213595,5,0.168704538,0.034294074,5,0.225594511,0.031774757,5,566.2263097,94.21735461,5,567.7426216,94.18694072
engine,cube,73x73x73,overlap_distance,bottom_top,geometry_only,5,5,5,TRUE,3;7;13;19;53,,5,2.8,0.447213595,5,0.168704538,0.034294074,5,0.229674796,0.036179901,5,2.8,0.447213595,5,0.168704538,0.034294074,5,0.229674796,0.036179901,5,662.3250853,67.24319908,5,663.7785799,67.33162765
engine,cylinder,86x86x86,maximal_residual_box,all,geometry_only,5,5,5,TRUE,3;7;13;19;53,,5,2.4,0.547722558,5,0.155260428,0.032707553,5,0.199721868,0.029633207,5,2.4,0.547722558,5,0.155260428,0.032707553,5,0.199721868,0.029633207,5,245.4376123,1.614890028,5,247.159096,1.634339651
engine,cylinder,86x86x86,maximal_residual_box,bottom,geometry_only,5,5,5,TRUE,3;7;13;19;53,,5,2,0,5,0.179146647,0,5,0.233870709,0.028375841,5,2,0,5,0.179146647,0,5,0.233870709,0.028375841,5,199.1704002,3.175851952,5,200.927597,3.154615888
engine,cylinder,86x86x86,maximal_residual_box,bottom_top,geometry_only,5,5,5,TRUE,3;7;13;19;53,,5,2,0,5,0.179146647,0,5,0.227045865,0.012940005,5,2,0,5,0.179146647,0,5,0.227045865,0.012940005,5,215.9966097,2.106599109,5,217.7044579,2.102186319
engine,cylinder,86x86x86,minimum_aabb_edges_len,all,geometry_only,5,5,5,TRUE,3;7;13;19;53,,5,2.4,0.547722558,5,0.155260428,0.032707553,5,0.199654408,0.032597875,5,2.4,0.547722558,5,0.155260428,0.032707553,5,0.199654408,0.032597875,5,250.09262,2.539833586,5,251.8344022,2.544741679
engine,cylinder,86x86x86,minimum_aabb_edges_len,bottom,geometry_only,5,5,5,TRUE,3;7;13;19;53,,5,2,0,5,0.179146647,0,5,0.233947577,0.024595952,5,2,0,5,0.179146647,0,5,0.233947577,0.024595952,5,199.0115692,2.520843617,5,200.7098142,2.501672687
engine,cylinder,86x86x86,minimum_aabb_edges_len,bottom_top,geometry_only,5,5,5,TRUE,3;7;13;19;53,,5,2,0,5,0.179146647,0,5,0.237095565,0.020326484,5,2,0,5,0.179146647,0,5,0.237095565,0.020326484,5,214.8724032,1.357851481,5,216.6161237,1.342646843
engine,cylinder,86x86x86,minimum_aabb_volume,all,geometry_only,5,5,5,TRUE,3;7;13;19;53,,5,2.2,0.447213595,5,0.167203537,0.026705605,5,0.21446052,0.045735753,5,2.2,0.447213595,5,0.167203537,0.026705605,5,0.21446052,0.045735753,5,246.9097277,2.822723636,5,248.644108,2.818038092
engine,cylinder,86x86x86,minimum_aabb_volume,bottom,geometry_only,5,5,5,TRUE,3;7;13;19;53,,5,2.2,0.447213595,5,0.167203537,0.026705605,5,0.214805826,0.03098439,5,2.2,0.447213595,5,0.167203537,0.026705605,5,0.214805826,0.03098439,5,200.784343,1.859809324,5,202.545602,1.874001343
engine,cylinder,86x86x86,minimum_aabb_volume,bottom_top,geometry_only,5,5,5,TRUE,3;7;13;19;53,,5,2.2,0.447213595,5,0.167203537,0.026705605,5,0.225346761,0.036519766,5,2.2,0.447213595,5,0.167203537,0.026705605,5,0.225346761,0.036519766,5,215.1629436,3.183287781,5,216.8383946,3.212347081
engine,cylinder,86x86x86,overlap_distance,all,geometry_only,5,5,5,TRUE,3;7;13;19;53,,5,2.8,0.447213595,5,0.131374208,0.026705605,5,0.170017763,0.019054858,5,2.8,0.447213595,5,0.131374208,0.026705605,5,0.170017763,0.019054858,5,3554.702284,164.0423139,5,3556.380735,164.0153264
engine,cylinder,86x86x86,overlap_distance,bottom,geometry_only,5,5,5,TRUE,3;7;13;19;53,,5,2,0,5,0.179146647,0,5,0.218823384,0.018792297,5,2,0,5,0.179146647,0,5,0.218823384,0.018792297,5,1207.579521,107.6385068,5,1209.287265,107.6211534
engine,cylinder,86x86x86,overlap_distance,bottom_top,geometry_only,5,5,5,TRUE,3;7;13;19;53,,5,2.2,0.447213595,5,0.167203537,0.026705605,5,0.198983414,0.023968154,5,2.2,0.447213595,5,0.167203537,0.026705605,5,0.198983414,0.023968154,5,1609.364272,67.1028122,5,1611.080793,67.08229015
liu,cube,101x101x101,maximal_residual_box,all,geometry_only,5,5,5,TRUE,3;7;13;19;53,,5,9.4,0.547722558,5,0.196958468,0.011237354,5,0.20754207,0.008987549,5,9.4,0.547722558,5,0.196958468,0.011237354,5,0.20754207,0.008987549,5,105.7943578,1.630467021,5,107.5079373,1.558808613
liu,cube,101x101x101,maximal_residual_box,bottom,geometry_only,5,5,5,TRUE,3;7;13;19;53,,5,9.4,0.547722558,5,0.196958468,0.011237354,5,0.209404382,0.013333991,5,9.4,0.547722558,5,0.196958468,0.011237354,5,0.209404382,0.013333991,5,95.8704226,9.849055293,5,97.62133594,9.749706263
liu,cube,101x101x101,maximal_residual_box,bottom_top,geometry_only,5,5,5,TRUE,3;7;13;19;53,,5,9,0,5,0.205165071,0,5,0.218886568,0.003815408,5,9,0,5,0.205165071,0,5,0.218886568,0.003815408,5,93.88449183,3.656495286,5,95.61519408,3.645726707
liu,cube,101x101x101,minimum_aabb_edges_len,all,geometry_only,5,5,5,TRUE,3;7;13;19;53,,5,9.4,0.894427191,5,0.197984293,0.020387876,5,0.210327684,0.018462136,5,9.4,0.894427191,5,0.197984293,0.020387876,5,0.210327684,0.018462136,5,105.5146417,6.359463699,5,107.2626572,6.315839942
liu,cube,101x101x101,minimum_aabb_edges_len,bottom,geometry_only,5,5,5,TRUE,3;7;13;19;53,,5,9,0.707106781,5,0.206190896,0.016381117,5,0.21876596,0.016919758,5,9,0.707106781,5,0.206190896,0.016381117,5,0.21876596,0.016919758,5,91.91845551,9.230208777,5,93.69349651,9.190178404
liu,cube,101x101x101,minimum_aabb_edges_len,bottom_top,geometry_only,5,5,5,TRUE,3;7;13;19;53,,5,8.8,0.447213595,5,0.210294198,0.011469076,5,0.219242248,0.011418835,5,8.8,0.447213595,5,0.210294198,0.011469076,5,0.219242248,0.011418835,5,94.53114343,6.443132074,5,96.26811895,6.396480958
liu,cube,101x101x101,minimum_aabb_volume,all,geometry_only,5,5,5,TRUE,3;7;13;19;53,,5,10,0,5,0.184648564,0,5,0.195957341,0.003143366,5,10,0,5,0.184648564,0,5,0.195957341,0.003143366,5,110.1201034,4.136159607,5,111.8580401,4.043486313
liu,cube,101x101x101,minimum_aabb_volume,bottom,geometry_only,5,5,5,TRUE,3;7;13;19;53,,5,9.2,0.447213595,5,0.20106177,0.009175261,5,0.213102754,0.011944038,5,9.2,0.447213595,5,0.20106177,0.009175261,5,0.213102754,0.011944038,5,94.74301834,7.789109964,5,96.53637486,7.794054801
liu,cube,101x101x101,minimum_aabb_volume,bottom_top,geometry_only,5,5,5,TRUE,3;7;13;19;53,,5,9.2,0.447213595,5,0.20106177,0.009175261,5,0.214359571,0.012722376,5,9.2,0.447213595,5,0.20106177,0.009175261,5,0.214359571,0.012722376,5,94.78907752,5.384586527,5,96.58566418,5.408891845
liu,cube,101x101x101,overlap_distance,all,geometry_only,5,5,5,TRUE,3;7;13;19;53,,5,9.2,0.447213595,5,0.20106177,0.009175261,5,0.213235078,0.00960929,5,9.2,0.447213595,5,0.20106177,0.009175261,5,0.213235078,0.00960929,5,174.6063864,9.482255186,5,176.3158565,9.470875007
liu,cube,101x101x101,overlap_distance,bottom,geometry_only,5,5,5,TRUE,3;7;13;19;53,,5,9,0,5,0.205165071,0,5,0.219269781,0.006405385,5,9,0,5,0.205165071,0,5,0.219269781,0.006405385,5,107.2192238,4.774819792,5,108.99741,4.755235111
liu,cube,101x101x101,overlap_distance,bottom_top,geometry_only,5,5,5,TRUE,3;7;13;19;53,,5,9,0,5,0.205165071,0,5,0.221143845,0.005963952,5,9,0,5,0.205165071,0,5,0.221143845,0.005963952,5,127.7296644,4.876124893,5,129.4889104,4.8779645
liu,cylinder,142x142x142,maximal_residual_box,all,geometry_only,5,5,5,TRUE,3;7;13;19;53,,5,5.6,0.547722558,5,0.152274663,0.015445235,5,0.169088481,0.01059959,5,5.6,0.547722558,5,0.152274663,0.015445235,5,0.169088481,0.01059959,5,474.3946935,10.79664661,5,476.4067854,10.91000599
liu,cylinder,142x142x142,maximal_residual_box,bottom,geometry_only,5,5,5,TRUE,3;7;13;19;53,,5,4.8,0.447213595,5,0.177653773,0.018916472,5,0.19969107,0.019022557,5,4.8,0.447213595,5,0.177653773,0.018916472,5,0.19969107,0.019022557,5,378.6149227,17.45431426,5,380.6528761,17.39639268
liu,cylinder,142x142x142,maximal_residual_box,bottom_top,geometry_only,5,5,5,TRUE,3;7;13;19;53,,5,4.8,0.447213595,5,0.177653773,0.018916472,5,0.196461623,0.020511536,5,4.8,0.447213595,5,0.177653773,0.018916472,5,0.196461623,0.020511536,5,403.8443256,23.3592898,5,405.8326679,23.27777315
liu,cylinder,142x142x142,minimum_aabb_edges_len,all,geometry_only,5,5,5,TRUE,3;7;13;19;53,,5,5.2,0.447213595,5,0.163554267,0.012610981,5,0.182152103,0.011324152,5,5.2,0.447213595,5,0.163554267,0.012610981,5,0.182152103,0.011324152,5,461.8129848,10.53389114,5,463.8250842,10.6307229
liu,cylinder,142x142x142,minimum_aabb_edges_len,bottom,geometry_only,5,5,5,TRUE,3;7;13;19;53,,5,4.8,0.447213595,5,0.177653773,0.018916472,5,0.198981165,0.017225726,5,4.8,0.447213595,5,0.177653773,0.018916472,5,0.198981165,0.017225726,5,388.2041457,18.11789561,5,390.1380888,18.04347472
liu,cylinder,142x142x142,minimum_aabb_edges_len,bottom_top,geometry_only,5,5,5,TRUE,3;7;13;19;53,,5,4.8,0.447213595,5,0.177653773,0.018916472,5,0.192042211,0.02163164,5,4.8,0.447213595,5,0.177653773,0.018916472,5,0.192042211,0.02163164,5,419.3712294,22.62683203,5,421.3263011,22.70137068
liu,cylinder,142x142x142,minimum_aabb_volume,all,geometry_only,5,5,5,TRUE,3;7;13;19;53,,5,5.4,0.547722558,5,0.157914465,0.015445235,5,0.172319494,0.014343137,5,5.4,0.547722558,5,0.157914465,0.015445235,5,0.172319494,0.014343137,5,464.7374125,21.39445474,5,466.7563331,21.4535608
liu,cylinder,142x142x142,minimum_aabb_volume,bottom,geometry_only,5,5,5,TRUE,3;7;13;19;53,,5,4.8,0.447213595,5,0.177653773,0.018916472,5,0.197763364,0.016894297,5,4.8,0.447213595,5,0.177653773,0.018916472,5,0.197763364,0.016894297,5,376.3913775,28.20723251,5,378.3526835,28.14951322
liu,cylinder,142x142x142,minimum_aabb_volume,bottom_top,geometry_only,5,5,5,TRUE,3;7;13;19;53,,5,4.8,0.447213595,5,0.177653773,0.018916472,5,0.19823155,0.018379915,5,4.8,0.447213595,5,0.177653773,0.018916472,5,0.19823155,0.018379915,5,393.7361465,26.71781549,5,395.7347709,26.76059856
liu,cylinder,142x142x142,overlap_distance,all,geometry_only,5,5,5,TRUE,3;7;13;19;53,,5,6,0,5,0.140995058,0,5,0.154626935,0.008333255,5,6,0,5,0.140995058,0,5,0.154626935,0.008333255,5,931.5627394,20.961402,5,933.5855731,21.06163002
liu,cylinder,142x142x142,overlap_distance,bottom,geometry_only,5,5,5,TRUE,3;7;13;19;53,,5,5,0,5,0.16919407,0,5,0.185603512,0.006647649,5,5,0,5,0.16919407,0,5,0.185603512,0.006647649,5,512.4374443,20.20617983,5,514.3920896,20.21021128
liu,cylinder,142x142x142,overlap_distance,bottom_top,geometry_only,5,5,5,TRUE,3;7;13;19;53,,5,5.2,0.447213595,5,0.163554267,0.012610981,5,0.181419964,0.012419984,5,5.2,0.447213595,5,0.163554267,0.012610981,5,0.181419964,0.012419984,5,625.2431873,16.9176344,5,627.2041925,16.86267318
shapesnew,cube,16x16x16,maximal_residual_box,all,geometry_only,5,5,5,TRUE,3;7;13;19;53,,5,9.8,0.836660027,5,0.226198706,0.018930651,5,0.237029622,0.013476381,5,9.8,0.836660027,5,0.226198706,0.018930651,5,0.237029622,0.013476381,5,2.312677145,0.085821473,5,3.249058914,0.140743402
shapesnew,cube,16x16x16,maximal_residual_box,bottom,geometry_only,5,5,5,TRUE,3;7;13;19;53,,5,9.2,0.447213595,5,0.24000217,0.010952269,5,0.247770182,0.008657693,5,9.2,0.447213595,5,0.24000217,0.010952269,5,0.247770182,0.008657693,5,2.075603628,0.041797322,5,3.016879559,0.138315513
shapesnew,cube,16x16x16,maximal_residual_box,bottom_top,geometry_only,5,5,5,TRUE,3;7;13;19;53,,5,9.8,0.447213595,5,0.22530816,0.010952269,5,0.239477539,0.007358252,5,9.8,0.447213595,5,0.22530816,0.010952269,5,0.239477539,0.007358252,5,2.227856302,0.080661587,5,3.079931927,0.075212829
shapesnew,cube,16x16x16,minimum_aabb_edges_len,all,geometry_only,5,5,5,TRUE,3;7;13;19;53,,5,9.6,0.547722558,5,0.230206163,0.013413735,5,0.23977322,0.01111087,5,9.6,0.547722558,5,0.230206163,0.013413735,5,0.23977322,0.01111087,5,2.245292568,0.068780143,5,3.092241001,0.150582525
shapesnew,cube,16x16x16,minimum_aabb_edges_len,bottom,geometry_only,5,5,5,TRUE,3;7;13;19;53,,5,9.6,0.547722558,5,0.230206163,0.013413735,5,0.242884657,0.013607079,5,9.6,0.547722558,5,0.230206163,0.013413735,5,0.242884657,0.013607079,5,2.083173227,0.059249357,5,2.910926914,0.069280366
shapesnew,cube,16x16x16,minimum_aabb_edges_len,bottom_top,geometry_only,5,5,5,TRUE,3;7;13;19;53,,5,9.2,0.447213595,5,0.24000217,0.010952269,5,0.249186198,0.012866923,5,9.2,0.447213595,5,0.24000217,0.010952269,5,0.249186198,0.012866923,5,2.149031258,0.05235616,5,3.085491991,0.171811385
shapesnew,cube,16x16x16,minimum_aabb_volume,all,geometry_only,5,5,5,TRUE,3;7;13;19;53,,5,10,0,5,0.220410156,0,5,0.230772569,0.003459824,5,10,0,5,0.220410156,0,5,0.230772569,0.003459824,5,2.276901102,0.057620475,5,3.148225594,0.120471718
shapesnew,cube,16x16x16,minimum_aabb_volume,bottom,geometry_only,5,5,5,TRUE,3;7;13;19;53,,5,9.4,0.547722558,5,0.235104167,0.013413735,5,0.245486111,0.010224609,5,9.4,0.547722558,5,0.235104167,0.013413735,5,0.245486111,0.010224609,5,2.109278154,0.052013125,5,3.042889214,0.120060752
shapesnew,cube,16x16x16,minimum_aabb_volume,bottom_top,geometry_only,5,5,5,TRUE,3;7;13;19;53,,5,9.4,0.547722558,5,0.235104167,0.013413735,5,0.244661458,0.011019035,5,9.4,0.547722558,5,0.235104167,0.013413735,5,0.244661458,0.011019035,5,2.211158705,0.067802149,5,3.12733798,0.236819086
shapesnew,cube,16x16x16,overlap_distance,all,geometry_only,5,5,5,TRUE,3;7;13;19;53,,5,10.6,0.547722558,5,0.208387784,0.010974874,5,0.216180556,0.010176706,5,10.6,0.547722558,5,0.208387784,0.010974874,5,0.216180556,0.010176706,5,2.8420856,0.139914955,5,3.714900446,0.169924815
shapesnew,cube,16x16x16,overlap_distance,bottom,geometry_only,5,5,5,TRUE,3;7;13;19;53,,5,10,0,5,0.220410156,0,5,0.232074653,0.004195727,5,10,0,5,0.220410156,0,5,0.232074653,0.004195727,5,2.265366983,0.071807388,5,3.096626663,0.107891337
shapesnew,cube,16x16x16,overlap_distance,bottom_top,geometry_only,5,5,5,TRUE,3;7;13;19;53,,5,10,0,5,0.220410156,0,5,0.235026042,0.0031204,5,10,0,5,0.220410156,0,5,0.235026042,0.0031204,5,2.613813162,0.08695958,5,3.512502241,0.110850571
shapesnew,cylinder,19x19x19,maximal_residual_box,all,geometry_only,5,5,5,TRUE,3;7;13;19;53,,5,8.6,0.547722558,5,0.19551841,0.012748791,5,0.207882284,0.007138321,5,8.6,0.547722558,5,0.19551841,0.012748791,5,0.207882284,0.007138321,5,10.41317911,0.093318698,5,11.29800944,0.114318604
shapesnew,cylinder,19x19x19,maximal_residual_box,bottom,geometry_only,5,5,5,TRUE,3;7;13;19;53,,5,7.4,0.547722558,5,0.227439783,0.016391303,5,0.240471043,0.009779887,5,7.4,0.547722558,5,0.227439783,0.016391303,5,0.240471043,0.009779887,5,9.970837879,0.060413949,5,10.91333399,0.123640536
shapesnew,cylinder,19x19x19,maximal_residual_box,bottom_top,geometry_only,5,5,5,TRUE,3;7;13;19;53,,5,7.6,0.547722558,5,0.221454525,0.016391303,5,0.236298777,0.008872651,5,7.6,0.547722558,5,0.221454525,0.016391303,5,0.236298777,0.008872651,5,10.14152989,0.08122722,5,11.02892909,0.143349111
shapesnew,cylinder,19x19x19,minimum_aabb_edges_len,all,geometry_only,5,5,5,TRUE,3;7;13;19;53,,5,8.2,0.447213595,5,0.20482881,0.010409344,5,0.220876419,0.009800102,5,8.2,0.447213595,5,0.20482881,0.010409344,5,0.220876419,0.009800102,5,10.17618384,0.110296846,5,11.09060173,0.216436631
shapesnew,cylinder,19x19x19,minimum_aabb_edges_len,bottom,geometry_only,5,5,5,TRUE,3;7;13;19;53,,5,8,0,5,0.20948401,0,5,0.227826955,0.003488708,5,8,0,5,0.20948401,0,5,0.227826955,0.003488708,5,10.06249952,0.125491984,5,10.94837046,0.114340164
shapesnew,cylinder,19x19x19,minimum_aabb_edges_len,bottom_top,geometry_only,5,5,5,TRUE,3;7;13;19;53,,5,8,0,5,0.20948401,0,5,0.223668832,0.005226581,5,8,0,5,0.20948401,0,5,0.223668832,0.005226581,5,10.1285399,0.096769544,5,11.00523705,0.146631405
shapesnew,cylinder,19x19x19,minimum_aabb_volume,all,geometry_only,5,5,5,TRUE,3;7;13;19;53,,5,9,0,5,0.186208009,0,5,0.19907014,0.005525587,5,9,0,5,0.186208009,0,5,0.19907014,0.005525587,5,10.50450554,0.121371613,5,11.3911592,0.110575759
shapesnew,cylinder,19x19x19,minimum_aabb_volume,bottom,geometry_only,5,5,5,TRUE,3;7;13;19;53,,5,7.8,0.447213595,5,0.215469268,0.013383442,5,0.235029418,0.007157243,5,7.8,0.447213595,5,0.215469268,0.013383442,5,0.235029418,0.007157243,5,10.01549139,0.108766367,5,10.89248414,0.067447378
shapesnew,cylinder,19x19x19,minimum_aabb_volume,bottom_top,geometry_only,5,5,5,TRUE,3;7;13;19;53,,5,8,0,5,0.20948401,0,5,0.227487516,0.00509412,5,8,0,5,0.20948401,0,5,0.227487516,0.00509412,5,10.20080152,0.079751471,5,11.11160522,0.129197229
shapesnew,cylinder,19x19x19,overlap_distance,all,geometry_only,5,5,5,TRUE,3;7;13;19;53,,5,8.4,0.547722558,5,0.20017361,0.012748791,5,0.208911208,0.006730045,5,8.4,0.547722558,5,0.20017361,0.012748791,5,0.208911208,0.006730045,5,11.29209838,0.124375004,5,12.19692655,0.159868545
shapesnew,cylinder,19x19x19,overlap_distance,bottom,geometry_only,5,5,5,TRUE,3;7;13;19;53,,5,8,0,5,0.20948401,0,5,0.22525995,0.00528279,5,8,0,5,0.20948401,0,5,0.22525995,0.00528279,5,10.4368711,0.099333419,5,11.3570806,0.091840404
shapesnew,cylinder,19x19x19,overlap_distance,bottom_top,geometry_only,5,5,5,TRUE,3;7;13;19;53,,5,8,0,5,0.20948401,0,5,0.221992854,0.005699176,5,8,0,5,0.20948401,0,5,0.221992854,0.005699176,5,10.93794818,0.150780858,5,11.84439874,0.215012734
st04_Example2_normal,cube,148x148x148,maximal_residual_box,all,geometry_only,5,5,5,TRUE,3;7;13;19;53,,5,2,0,5,0.107385977,0,5,0.175266519,0.018528497,5,2,0,5,0.107385977,0,5,0.175266519,0.018528497,5,91.19249873,3.691071638,5,92.63864961,3.672978991
st04_Example2_normal,cube,148x148x148,maximal_residual_box,bottom,geometry_only,5,5,5,TRUE,3;7;13;19;53,,5,2,0,5,0.107385977,0,5,0.198159166,0.010830772,5,2,0,5,0.107385977,0,5,0.198159166,0.010830772,5,57.09722791,1.539542323,5,58.60740066,1.595552488
st04_Example2_normal,cube,148x148x148,maximal_residual_box,bottom_top,geometry_only,5,5,5,TRUE,3;7;13;19;53,,5,2,0,5,0.107385977,0,5,0.198159166,0.010830772,5,2,0,5,0.107385977,0,5,0.198159166,0.010830772,5,65.41254215,2.197258483,5,66.93612919,2.177069983
st04_Example2_normal,cube,148x148x148,minimum_aabb_edges_len,all,geometry_only,5,5,5,TRUE,3;7;13;19;53,,5,2,0,5,0.107385977,0,5,0.188520979,0.020119967,5,2,0,5,0.107385977,0,5,0.188520979,0.020119967,5,95.39407749,3.048138849,5,96.89727616,3.051625414
st04_Example2_normal,cube,148x148x148,minimum_aabb_edges_len,bottom,geometry_only,5,5,5,TRUE,3;7;13;19;53,,5,1.4,0.547722558,5,0.171817563,0.058817722,5,0.207209037,0.010660127,5,1.4,0.547722558,5,0.171817563,0.058817722,5,0.207209037,0.010660127,5,61.38783369,3.762356175,5,62.90921268,3.771467092
st04_Example2_normal,cube,148x148x148,minimum_aabb_edges_len,bottom_top,geometry_only,5,5,5,TRUE,3;7;13;19;53,,5,1.8,0.447213595,5,0.128863172,0.048024469,5,0.199557035,0.010353601,5,1.8,0.447213595,5,0.128863172,0.048024469,5,0.199557035,0.010353601,5,74.22573142,3.966484209,5,75.70028133,3.973179504
st04_Example2_normal,cube,148x148x148,minimum_aabb_volume,all,geometry_only,5,5,5,TRUE,3;7;13;19;53,,5,2,0,5,0.107385977,0,5,0.182906738,0.016584322,5,2,0,5,0.107385977,0,5,0.182906738,0.016584322,5,92.93836303,2.679406235,5,94.38331146,2.678989946
st04_Example2_normal,cube,148x148x148,minimum_aabb_volume,bottom,geometry_only,5,5,5,TRUE,3;7;13;19;53,,5,2,0,5,0.107385977,0,5,0.194131086,0.012800681,5,2,0,5,0.107385977,0,5,0.194131086,0.012800681,5,57.55162277,4.804452644,5,59.04717274,4.871761303
st04_Example2_normal,cube,148x148x148,minimum_aabb_volume,bottom_top,geometry_only,5,5,5,TRUE,3;7;13;19;53,,5,2,0,5,0.107385977,0,5,0.199802023,0.011664769,5,2,0,5,0.107385977,0,5,0.199802023,0.011664769,5,64.65698433,2.849244043,5,66.0966424,2.85558159
st04_Example2_normal,cube,148x148x148,overlap_distance,all,geometry_only,5,5,5,TRUE,3;7;13;19;53,,5,2,0,5,0.107385977,0,5,0.177516016,0.01553577,5,2,0,5,0.107385977,0,5,0.177516016,0.01553577,5,510.5672926,44.34366583,5,512.0988178,44.34779704
st04_Example2_normal,cube,148x148x148,overlap_distance,bottom,geometry_only,5,5,5,TRUE,3;7;13;19;53,,5,2,0,5,0.107385977,0,5,0.186822412,0.011759775,5,2,0,5,0.107385977,0,5,0.186822412,0.011759775,5,218.5444223,26.08419297,5,220.0467474,26.1042455
st04_Example2_normal,cube,148x148x148,overlap_distance,bottom_top,geometry_only,5,5,5,TRUE,3;7;13;19;53,,5,2,0,5,0.107385977,0,5,0.184578036,0.009152472,5,2,0,5,0.107385977,0,5,0.184578036,0.009152472,5,265.6050926,20.02325045,5,267.1249129,20.10599529
st04_Example2_normal,cylinder,180x180x180,maximal_residual_box,all,geometry_only,5,5,5,TRUE,3;7;13;19;53,,5,1.2,0.447213595,5,0.136803694,0.033989151,5,0.148233508,0.008431311,5,1.2,0.447213595,5,0.136803694,0.033989151,5,0.148233508,0.008431311,5,545.1289154,10.21266368,5,546.9457444,10.38690628
st04_Example2_normal,cylinder,180x180x180,maximal_residual_box,bottom,geometry_only,5,5,5,TRUE,3;7;13;19;53,,5,1,0,5,0.152004105,0,5,0.152004105,0,5,1,0,5,0.152004105,0,5,0.152004105,0,5,449.3218372,2.129233982,5,451.0674212,2.199886557
st04_Example2_normal,cylinder,180x180x180,maximal_residual_box,bottom_top,geometry_only,5,5,5,TRUE,3;7;13;19;53,,5,1,0,5,0.152004105,0,5,0.152004105,0,5,1,0,5,0.152004105,0,5,0.152004105,0,5,476.4166909,5.589168074,5,478.2084209,5.571007983
st04_Example2_normal,cylinder,180x180x180,minimum_aabb_edges_len,all,geometry_only,5,5,5,TRUE,3;7;13;19;53,,5,1,0,5,0.152004105,0,5,0.152004105,0,5,1,0,5,0.152004105,0,5,0.152004105,0,5,568.7080389,6.982938445,5,570.4454465,7.056592466
st04_Example2_normal,cylinder,180x180x180,minimum_aabb_edges_len,bottom,geometry_only,5,5,5,TRUE,3;7;13;19;53,,5,1,0,5,0.152004105,0,5,0.152004105,0,5,1,0,5,0.152004105,0,5,0.152004105,0,5,455.1765507,9.146077823,5,456.9261945,9.222901862
st04_Example2_normal,cylinder,180x180x180,minimum_aabb_edges_len,bottom_top,geometry_only,5,5,5,TRUE,3;7;13;19;53,,5,1,0,5,0.152004105,0,5,0.152004105,0,5,1,0,5,0.152004105,0,5,0.152004105,0,5,490.0451792,11.11965786,5,491.8280072,11.1167723
st04_Example2_normal,cylinder,180x180x180,minimum_aabb_volume,all,geometry_only,5,5,5,TRUE,3;7;13;19;53,,5,1.2,0.447213595,5,0.136803694,0.033989151,5,0.15121309,0.001768764,5,1.2,0.447213595,5,0.136803694,0.033989151,5,0.15121309,0.001768764,5,540.188647,6.648273403,5,541.9385175,6.595401973
st04_Example2_normal,cylinder,180x180x180,minimum_aabb_volume,bottom,geometry_only,5,5,5,TRUE,3;7;13;19;53,,5,1,0,5,0.152004105,0,5,0.152004105,0,5,1,0,5,0.152004105,0,5,0.152004105,0,5,446.8258563,5.60759647,5,448.5442622,5.701509718
st04_Example2_normal,cylinder,180x180x180,minimum_aabb_volume,bottom_top,geometry_only,5,5,5,TRUE,3;7;13;19;53,,5,1,0,5,0.152004105,0,5,0.152004105,0,5,1,0,5,0.152004105,0,5,0.152004105,0,5,476.8940693,6.262661132,5,478.7003763,6.236408675
st04_Example2_normal,cylinder,180x180x180,overlap_distance,all,geometry_only,5,5,5,TRUE,3;7;13;19;53,,5,1.6,0.547722558,5,0.106402873,0.041628039,5,0.141612051,0.010039089,5,1.6,0.547722558,5,0.106402873,0.041628039,5,0.141612051,0.010039089,5,1573.467155,155.0692453,5,1575.264748,155.0835279
st04_Example2_normal,cylinder,180x180x180,overlap_distance,bottom,geometry_only,5,5,5,TRUE,3;7;13;19;53,,5,1,0,5,0.152004105,0,5,0.152004105,0,5,1,0,5,0.152004105,0,5,0.152004105,0,5,801.4848086,27.12877894,5,803.2236692,27.02703877
st04_Example2_normal,cylinder,180x180x180,overlap_distance,bottom_top,geometry_only,5,5,5,TRUE,3;7;13;19;53,,5,1,0,5,0.152004105,0,5,0.152004105,0,5,1,0,5,0.152004105,0,5,0.152004105,0,5,1088.497953,56.66928051,5,1090.328106,56.71409031
st04_Example3_normal,cube,148x148x148,maximal_residual_box,all,geometry_only,5,5,5,TRUE,3;7;13;19;53,,5,2,0,5,0.161078965,0,5,0.214493095,0.017422393,5,2,0,5,0.161078965,0,5,0.214493095,0.017422393,5,152.474028,5.514527414,5,154.2067544,5.506267785
st04_Example3_normal,cube,148x148x148,maximal_residual_box,bottom,geometry_only,5,5,5,TRUE,3;7;13;19;53,,5,2,0,5,0.161078965,0,5,0.216248359,0.031273608,5,2,0,5,0.161078965,0,5,0.216248359,0.031273608,5,92.87726769,6.282322605,5,94.63718185,6.283955815
st04_Example3_normal,cube,148x148x148,maximal_residual_box,bottom_top,geometry_only,5,5,5,TRUE,3;7;13;19;53,,5,2,0,5,0.161078965,0,5,0.216248359,0.031273608,5,2,0,5,0.161078965,0,5,0.216248359,0.031273608,5,106.4566838,7.855467208,5,108.2149412,7.865685054
st04_Example3_normal,cube,148x148x148,minimum_aabb_edges_len,all,geometry_only,5,5,5,TRUE,3;7;13;19;53,,5,2,0,5,0.161078965,0,5,0.206959793,0.021961191,5,2,0,5,0.161078965,0,5,0.206959793,0.021961191,5,158.9452717,6.338515736,5,160.6900223,6.351837296
st04_Example3_normal,cube,148x148x148,minimum_aabb_edges_len,bottom,geometry_only,5,5,5,TRUE,3;7;13;19;53,,5,2,0,5,0.161078965,0,5,0.211012489,0.01391717,5,2,0,5,0.161078965,0,5,0.211012489,0.01391717,5,97.16661925,4.004915293,5,98.92295222,3.996433509
st04_Example3_normal,cube,148x148x148,minimum_aabb_edges_len,bottom_top,geometry_only,5,5,5,TRUE,3;7;13;19;53,,5,2,0,5,0.161078965,0,5,0.242590765,0.013200593,5,2,0,5,0.161078965,0,5,0.242590765,0.013200593,5,116.72171,5.809822951,5,118.4574173,5.825361325
st04_Example3_normal,cube,148x148x148,minimum_aabb_volume,all,geometry_only,5,5,5,TRUE,3;7;13;19;53,,5,2,0,5,0.161078965,0,5,0.200875072,0.023933482,5,2,0,5,0.161078965,0,5,0.200875072,0.023933482,5,148.5615496,4.637243755,5,150.3068645,4.637208042
st04_Example3_normal,cube,148x148x148,minimum_aabb_volume,bottom,geometry_only,5,5,5,TRUE,3;7;13;19;53,,5,2,0,5,0.161078965,0,5,0.211475567,0.018164141,5,2,0,5,0.161078965,0,5,0.211475567,0.018164141,5,95.25360017,6.004721249,5,97.04222841,6.013303346
st04_Example3_normal,cube,148x148x148,minimum_aabb_volume,bottom_top,geometry_only,5,5,5,TRUE,3;7;13;19;53,,5,2,0,5,0.161078965,0,5,0.208255989,0.014613468,5,2,0,5,0.161078965,0,5,0.208255989,0.014613468,5,109.5008233,5.820667193,5,111.2691407,5.837112053
st04_Example3_normal,cube,148x148x148,overlap_distance,all,geometry_only,5,5,5,TRUE,3;7;13;19;53,,5,2.4,0.547722558,5,0.13960177,0.029408861,5,0.16861674,0.02076996,5,2.4,0.547722558,5,0.13960177,0.029408861,5,0.16861674,0.02076996,5,777.7284825,58.29571329,5,779.5528489,58.42635645
st04_Example3_normal,cube,148x148x148,overlap_distance,bottom,geometry_only,5,5,5,TRUE,3;7;13;19;53,,5,2,0,5,0.161078965,0,5,0.213785894,0.012965957,5,2,0,5,0.161078965,0,5,0.213785894,0.012965957,5,383.0946531,82.58782371,5,384.8432902,82.58910327
st04_Example3_normal,cube,148x148x148,overlap_distance,bottom_top,geometry_only,5,5,5,TRUE,3;7;13;19;53,,5,2,0,5,0.161078965,0,5,0.204516391,0.025167051,5,2,0,5,0.161078965,0,5,0.204516391,0.025167051,5,426.9788922,43.32733569,5,428.7380215,43.33305349
st04_Example3_normal,cylinder,180x180x180,maximal_residual_box,all,geometry_only,5,5,5,TRUE,3;7;13;19;53,,5,2,0,5,0.114003079,0,5,0.169589962,0.007029333,5,2,0,5,0.114003079,0,5,0.169589962,0.007029333,5,789.0223233,21.53978442,5,791.115625,21.52265862
st04_Example3_normal,cylinder,180x180x180,maximal_residual_box,bottom,geometry_only,5,5,5,TRUE,3;7;13;19;53,,5,2,0,5,0.114003079,0,5,0.190113003,0.00907147,5,2,0,5,0.114003079,0,5,0.190113003,0.00907147,5,644.1162122,16.89031313,5,646.2552698,16.88468562
st04_Example3_normal,cylinder,180x180x180,maximal_residual_box,bottom_top,geometry_only,5,5,5,TRUE,3;7;13;19;53,,5,2,0,5,0.114003079,0,5,0.190113003,0.00907147,5,2,0,5,0.114003079,0,5,0.190113003,0.00907147,5,684.4914275,17.6608983,5,686.6051717,17.65458201
st04_Example3_normal,cylinder,180x180x180,minimum_aabb_edges_len,all,geometry_only,5,5,5,TRUE,3;7;13;19;53,,5,2,0,5,0.114003079,0,5,0.187218173,0.009265626,5,2,0,5,0.114003079,0,5,0.187218173,0.009265626,5,801.2592978,20.796937,5,803.3317748,20.7978434
st04_Example3_normal,cylinder,180x180x180,minimum_aabb_edges_len,bottom,geometry_only,5,5,5,TRUE,3;7;13;19;53,,5,2,0,5,0.114003079,0,5,0.184826745,0.005925525,5,2,0,5,0.114003079,0,5,0.184826745,0.005925525,5,647.256466,14.61081786,5,649.356117,14.63779845
st04_Example3_normal,cylinder,180x180x180,minimum_aabb_edges_len,bottom_top,geometry_only,5,5,5,TRUE,3;7;13;19;53,,5,2,0,5,0.114003079,0,5,0.192257599,0.007887676,5,2,0,5,0.114003079,0,5,0.192257599,0.007887676,5,700.5832459,7.503859958,5,702.6851043,7.501482719
st04_Example3_normal,cylinder,180x180x180,minimum_aabb_volume,all,geometry_only,5,5,5,TRUE,3;7;13;19;53,,5,2,0,5,0.114003079,0,5,0.173486922,0.015034953,5,2,0,5,0.114003079,0,5,0.173486922,0.015034953,5,794.5428413,24.15324726,5,796.6298689,24.16156223
st04_Example3_normal,cylinder,180x180x180,minimum_aabb_volume,bottom,geometry_only,5,5,5,TRUE,3;7;13;19;53,,5,2,0,5,0.114003079,0,5,0.195405156,0.014246506,5,2,0,5,0.114003079,0,5,0.195405156,0.014246506,5,629.3296861,13.15814073,5,631.4280783,13.15912544
st04_Example3_normal,cylinder,180x180x180,minimum_aabb_volume,bottom_top,geometry_only,5,5,5,TRUE,3;7;13;19;53,,5,2,0,5,0.114003079,0,5,0.195405156,0.014246506,5,2,0,5,0.114003079,0,5,0.195405156,0.014246506,5,668.6474557,16.83782895,5,670.7606871,16.84830281
st04_Example3_normal,cylinder,180x180x180,overlap_distance,all,geometry_only,5,5,5,TRUE,3;7;13;19;53,,5,2,0,5,0.114003079,0,5,0.155372208,0.010553928,5,2,0,5,0.114003079,0,5,0.155372208,0.010553928,5,2602.553428,260.272037,5,2604.617998,260.2616373
st04_Example3_normal,cylinder,180x180x180,overlap_distance,bottom,geometry_only,5,5,5,TRUE,3;7;13;19;53,,5,2,0,5,0.114003079,0,5,0.180831541,0.012985735,5,2,0,5,0.114003079,0,5,0.180831541,0.012985735,5,1195.298515,134.0041439,5,1197.393021,133.9960269
st04_Example3_normal,cylinder,180x180x180,overlap_distance,bottom_top,geometry_only,5,5,5,TRUE,3;7;13;19;53,,5,2,0,5,0.114003079,0,5,0.193464994,0.015613566,5,2,0,5,0.114003079,0,5,0.193464994,0.015613566,5,1621.99195,50.31230494,5,1624.097131,50.33616842
st04_Example4_normal,cube,148x148x148,maximal_residual_box,all,geometry_only,5,5,5,TRUE,3;7;13;19;53,,5,3,0,5,0.143181302,0,5,0.191780565,0.009931491,5,3,0,5,0.143181302,0,5,0.191780565,0.009931491,5,200.4999484,5.895763986,5,202.4693419,5.888780132
st04_Example4_normal,cube,148x148x148,maximal_residual_box,bottom,geometry_only,5,5,5,TRUE,3;7;13;19;53,,5,2.8,0.447213595,5,0.157499432,0.032016312,5,0.21019794,0.016767518,5,2.8,0.447213595,5,0.157499432,0.032016312,5,0.21019794,0.016767518,5,130.2984434,2.895139314,5,132.2725152,2.881130582
st04_Example4_normal,cube,148x148x148,maximal_residual_box,bottom_top,geometry_only,5,5,5,TRUE,3;7;13;19;53,,5,2.8,0.447213595,5,0.157499432,0.032016312,5,0.209959245,0.016277832,5,2.8,0.447213595,5,0.157499432,0.032016312,5,0.209959245,0.016277832,5,144.7587252,2.88952654,5,146.7247721,2.881139046
st04_Example4_normal,cube,148x148x148,minimum_aabb_edges_len,all,geometry_only,5,5,5,TRUE,3;7;13;19;53,,5,3,0,5,0.143181302,0,5,0.196311392,0.012563269,5,3,0,5,0.143181302,0,5,0.196311392,0.012563269,5,214.701909,10.44043284,5,216.6657595,10.44303839
st04_Example4_normal,cube,148x148x148,minimum_aabb_edges_len,bottom,geometry_only,5,5,5,TRUE,3;7;13;19;53,,5,2.8,0.447213595,5,0.157499432,0.032016312,5,0.210099599,0.018610039,5,2.8,0.447213595,5,0.157499432,0.032016312,5,0.210099599,0.018610039,5,136.2891639,6.158589659,5,138.260688,6.158563428
st04_Example4_normal,cube,148x148x148,minimum_aabb_edges_len,bottom_top,geometry_only,5,5,5,TRUE,3;7;13;19;53,,5,2.8,0.447213595,5,0.157499432,0.032016312,5,0.214198659,0.018683525,5,2.8,0.447213595,5,0.157499432,0.032016312,5,0.214198659,0.018683525,5,161.2013458,6.743231014,5,163.1708221,6.741894454
st04_Example4_normal,cube,148x148x148,minimum_aabb_volume,all,geometry_only,5,5,5,TRUE,3;7;13;19;53,,5,3,0,5,0.143181302,0,5,0.188099021,0.007361779,5,3,0,5,0.143181302,0,5,0.188099021,0.007361779,5,198.3476933,10.64144119,5,200.3085374,10.65380621
st04_Example4_normal,cube,148x148x148,minimum_aabb_volume,bottom,geometry_only,5,5,5,TRUE,3;7;13;19;53,,5,3,0,5,0.143181302,0,5,0.201398856,0.006110106,5,3,0,5,0.143181302,0,5,0.201398856,0.006110106,5,129.7271276,3.705578495,5,131.706034,3.70386941
st04_Example4_normal,cube,148x148x148,minimum_aabb_volume,bottom_top,geometry_only,5,5,5,TRUE,3;7;13;19;53,,5,3,0,5,0.143181302,0,5,0.201105839,0.00610562,5,3,0,5,0.143181302,0,5,0.201105839,0.00610562,5,144.2407423,3.787596672,5,146.225239,3.791379369
st04_Example4_normal,cube,148x148x148,overlap_distance,all,geometry_only,5,5,5,TRUE,3;7;13;19;53,,5,3,0,5,0.143181302,0,5,0.185040434,0.00948099,5,3,0,5,0.143181302,0,5,0.185040434,0.00948099,5,1075.588419,123.7106468,5,1077.522704,123.7068851
st04_Example4_normal,cube,148x148x148,overlap_distance,bottom,geometry_only,5,5,5,TRUE,3;7;13;19;53,,5,2.6,0.547722558,5,0.171817563,0.039211815,5,0.221941476,0.029484823,5,2.6,0.547722558,5,0.171817563,0.039211815,5,0.221941476,0.029484823,5,571.3693263,107.3286941,5,573.3109056,107.323593
st04_Example4_normal,cube,148x148x148,overlap_distance,bottom_top,geometry_only,5,5,5,TRUE,3;7;13;19;53,,5,2.8,0.447213595,5,0.157499432,0.032016312,5,0.205056802,0.018714872,5,2.8,0.447213595,5,0.157499432,0.032016312,5,0.205056802,0.018714872,5,653.3423485,72.00618595,5,655.3013649,72.00200701
st04_Example4_normal,cylinder,180x180x180,maximal_residual_box,all,geometry_only,5,5,5,TRUE,3;7;13;19;53,,5,2.2,0.447213595,5,0.141870498,0.022659434,5,0.17640723,0.020273358,5,2.2,0.447213595,5,0.141870498,0.022659434,5,0.17640723,0.020273358,5,1084.360259,16.81834427,5,1086.746784,16.81999677
st04_Example4_normal,cylinder,180x180x180,maximal_residual_box,bottom,geometry_only,5,5,5,TRUE,3;7;13;19;53,,5,2,0,5,0.152004105,0,5,0.206212934,0.007299819,5,2,0,5,0.152004105,0,5,0.206212934,0.007299819,5,865.1360248,25.90570566,5,867.5443717,25.91191362
st04_Example4_normal,cylinder,180x180x180,maximal_residual_box,bottom_top,geometry_only,5,5,5,TRUE,3;7;13;19;53,,5,2,0,5,0.152004105,0,5,0.206212934,0.011511783,5,2,0,5,0.152004105,0,5,0.206212934,0.011511783,5,921.414306,27.93076451,5,923.8368434,27.90747833
st04_Example4_normal,cylinder,180x180x180,minimum_aabb_edges_len,all,geometry_only,5,5,5,TRUE,3;7;13;19;53,,5,2,0,5,0.152004105,0,5,0.19689737,0.011294024,5,2,0,5,0.152004105,0,5,0.19689737,0.011294024,5,1087.535963,15.8257093,5,1089.936088,15.83381465
st04_Example4_normal,cylinder,180x180x180,minimum_aabb_edges_len,bottom,geometry_only,5,5,5,TRUE,3;7;13;19;53,,5,2,0,5,0.152004105,0,5,0.210700492,0.003261519,5,2,0,5,0.152004105,0,5,0.210700492,0.003261519,5,874.986019,21.90113152,5,877.3941504,21.88470332
st04_Example4_normal,cylinder,180x180x180,minimum_aabb_edges_len,bottom_top,geometry_only,5,5,5,TRUE,3;7;13;19;53,,5,2,0,5,0.152004105,0,5,0.213006121,0.012395092,5,2,0,5,0.152004105,0,5,0.213006121,0.012395092,5,932.4233789,28.56117225,5,934.8225513,28.55278723
st04_Example4_normal,cylinder,180x180x180,minimum_aabb_volume,all,geometry_only,5,5,5,TRUE,3;7;13;19;53,,5,2,0,5,0.152004105,0,5,0.185823461,0.014720176,5,2,0,5,0.152004105,0,5,0.185823461,0.014720176,5,1064.226047,25.90043618,5,1066.619981,25.90628468
st04_Example4_normal,cylinder,180x180x180,minimum_aabb_volume,bottom,geometry_only,5,5,5,TRUE,3;7;13;19;53,,5,2,0,5,0.152004105,0,5,0.203359279,0.016734526,5,2,0,5,0.152004105,0,5,0.203359279,0.016734526,5,875.6747453,19.28202794,5,878.0856073,19.29387399
st04_Example4_normal,cylinder,180x180x180,minimum_aabb_volume,bottom_top,geometry_only,5,5,5,TRUE,3;7;13;19;53,,5,2,0,5,0.152004105,0,5,0.202515954,0.017392537,5,2,0,5,0.152004105,0,5,0.202515954,0.017392537,5,926.0476329,20.13943739,5,928.471858,20.15634458
st04_Example4_normal,cylinder,180x180x180,overlap_distance,all,geometry_only,5,5,5,TRUE,3;7;13;19;53,,5,2.4,0.547722558,5,0.131736891,0.027752026,5,0.162004646,0.024846222,5,2.4,0.547722558,5,0.131736891,0.027752026,5,0.162004646,0.024846222,5,3548.361497,270.5955128,5,3550.730641,270.586611
st04_Example4_normal,cylinder,180x180x180,overlap_distance,bottom,geometry_only,5,5,5,TRUE,3;7;13;19;53,,5,2,0,5,0.152004105,0,5,0.199472012,0.016367058,5,2,0,5,0.152004105,0,5,0.199472012,0.016367058,5,1665.806049,126.0951707,5,1668.219769,126.1032683
st04_Example4_normal,cylinder,180x180x180,overlap_distance,bottom_top,geometry_only,5,5,5,TRUE,3;7;13;19;53,,5,2.2,0.447213595,5,0.141870498,0.022659434,5,0.190652383,0.024916949,5,2.2,0.447213595,5,0.141870498,0.022659434,5,0.190652383,0.024916949,5,2198.269068,69.56675712,5,2200.683106,69.57593781
st04_Example5_normal,cube,148x148x148,maximal_residual_box,all,geometry_only,5,5,5,TRUE,3;7;13;19;53,,5,3.2,0.447213595,5,0.170027796,0.020010195,5,0.193894683,0.013041131,5,3.2,0.447213595,5,0.170027796,0.020010195,5,0.193894683,0.013041131,5,264.6968999,14.36864542,5,266.8639242,14.37140918
st04_Example5_normal,cube,148x148x148,maximal_residual_box,bottom,geometry_only,5,5,5,TRUE,3;7;13;19;53,,5,3,0,5,0.178976628,0,5,0.217169763,0.015014718,5,3,0,5,0.178976628,0,5,0.217169763,0.015014718,5,176.9694213,7.728909075,5,179.1365641,7.727495428
st04_Example5_normal,cube,148x148x148,maximal_residual_box,bottom_top,geometry_only,5,5,5,TRUE,3;7;13;19;53,,5,3,0,5,0.178976628,0,5,0.218263448,0.014504166,5,3,0,5,0.178976628,0,5,0.218263448,0.014504166,5,193.4977469,6.595295361,5,195.6645642,6.60762511
st04_Example5_normal,cube,148x148x148,minimum_aabb_edges_len,all,geometry_only,5,5,5,TRUE,3;7;13;19;53,,5,3,0,5,0.178976628,0,5,0.222546666,0.011322327,5,3,0,5,0.178976628,0,5,0.222546666,0.011322327,5,273.4997698,5.688849167,5,275.6352032,5.692952244
st04_Example5_normal,cube,148x148x148,minimum_aabb_edges_len,bottom,geometry_only,5,5,5,TRUE,3;7;13;19;53,,5,3,0,5,0.178976628,0,5,0.214342746,0.006638146,5,3,0,5,0.178976628,0,5,0.214342746,0.006638146,5,185.1291117,6.008854766,5,187.2879181,6.014128777
st04_Example5_normal,cube,148x148x148,minimum_aabb_edges_len,bottom_top,geometry_only,5,5,5,TRUE,3;7;13;19;53,,5,3,0,5,0.178976628,0,5,0.226134527,0.004317935,5,3,0,5,0.178976628,0,5,0.226134527,0.004317935,5,206.5457161,5.463581444,5,208.6966142,5.45921562
st04_Example5_normal,cube,148x148x148,minimum_aabb_volume,all,geometry_only,5,5,5,TRUE,3;7;13;19;53,,5,3,0,5,0.178976628,0,5,0.207778136,0.008683263,5,3,0,5,0.178976628,0,5,0.207778136,0.008683263,5,254.4580365,10.78479899,5,256.6157331,10.78542425
st04_Example5_normal,cube,148x148x148,minimum_aabb_volume,bottom,geometry_only,5,5,5,TRUE,3;7;13;19;53,,5,3,0,5,0.178976628,0,5,0.227625677,0.012017503,5,3,0,5,0.178976628,0,5,0.227625677,0.012017503,5,171.5937646,9.014477116,5,173.7676098,9.011148738
st04_Example5_normal,cube,148x148x148,minimum_aabb_volume,bottom_top,geometry_only,5,5,5,TRUE,3;7;13;19;53,,5,3,0,5,0.178976628,0,5,0.227029896,0.012552301,5,3,0,5,0.178976628,0,5,0.227029896,0.012552301,5,190.7655027,6.808566073,5,192.9338151,6.829525766
st04_Example5_normal,cube,148x148x148,overlap_distance,all,geometry_only,5,5,5,TRUE,3;7;13;19;53,,5,3.2,0.447213595,5,0.170027796,0.020010195,5,0.185835293,0.011536191,5,3.2,0.447213595,5,0.170027796,0.020010195,5,0.185835293,0.011536191,5,1396.386737,129.3686167,5,1398.536429,129.392538
st04_Example5_normal,cube,148x148x148,overlap_distance,bottom,geometry_only,5,5,5,TRUE,3;7;13;19;53,,5,3,0,5,0.178976628,0,5,0.202962682,0.01131616,5,3,0,5,0.178976628,0,5,0.202962682,0.01131616,5,655.1061389,46.0145385,5,657.2828867,46.0048743
st04_Example5_normal,cube,148x148x148,overlap_distance,bottom_top,geometry_only,5,5,5,TRUE,3;7;13;19;53,,5,3.2,0.447213595,5,0.170027796,0.020010195,5,0.204354217,0.022424156,5,3.2,0.447213595,5,0.170027796,0.020010195,5,0.204354217,0.022424156,5,850.4117781,107.021236,5,852.5685955,107.0160168
st04_Example5_normal,cylinder,180x180x180,maximal_residual_box,all,geometry_only,5,5,5,TRUE,3;7;13;19;53,,5,3,0,5,0.126670087,0,5,0.163972207,0.005034086,5,3,0,5,0.126670087,0,5,0.163972207,0.005034086,5,1431.821423,36.8515856,5,1434.523748,36.85310611
st04_Example5_normal,cylinder,180x180x180,maximal_residual_box,bottom,geometry_only,5,5,5,TRUE,3;7;13;19;53,,5,2,0,5,0.190005131,0,5,0.21776553,0.012251937,5,2,0,5,0.190005131,0,5,0.21776553,0.012251937,5,1103.036691,14.05841209,5,1105.755281,14.08688266
st04_Example5_normal,cylinder,180x180x180,maximal_residual_box,bottom_top,geometry_only,5,5,5,TRUE,3;7;13;19;53,,5,2,0,5,0.190005131,0,5,0.218385732,0.009349147,5,2,0,5,0.190005131,0,5,0.218385732,0.009349147,5,1158.799751,25.37886496,5,1161.529076,25.36476395
st04_Example5_normal,cylinder,180x180x180,minimum_aabb_edges_len,all,geometry_only,5,5,5,TRUE,3;7;13;19;53,,5,2.6,0.547722558,5,0.152004105,0.034690032,5,0.194977228,0.018032333,5,2.6,0.547722558,5,0.152004105,0.034690032,5,0.194977228,0.018032333,5,1366.342709,10.01367029,5,1369.004928,10.00094519
st04_Example5_normal,cylinder,180x180x180,minimum_aabb_edges_len,bottom,geometry_only,5,5,5,TRUE,3;7;13;19;53,,5,2,0,5,0.190005131,0,5,0.220735418,0.011088992,5,2,0,5,0.190005131,0,5,0.220735418,0.011088992,5,1117.8923,11.25787128,5,1120.607922,11.24833374
st04_Example5_normal,cylinder,180x180x180,minimum_aabb_edges_len,bottom_top,geometry_only,5,5,5,TRUE,3;7;13;19;53,,5,2.2,0.447213595,5,0.177338122,0.028324293,5,0.210158841,0.015468384,5,2.2,0.447213595,5,0.177338122,0.028324293,5,0.210158841,0.015468384,5,1203.319726,8.022069209,5,1206.010127,8.024532318
st04_Example5_normal,cylinder,180x180x180,minimum_aabb_volume,all,geometry_only,5,5,5,TRUE,3;7;13;19;53,,5,3,0,5,0.126670087,0,5,0.168108075,0.008427521,5,3,0,5,0.126670087,0,5,0.168108075,0.008427521,5,1382.261579,23.68803026,5,1384.988659,23.68522423
st04_Example5_normal,cylinder,180x180x180,minimum_aabb_volume,bottom,geometry_only,5,5,5,TRUE,3;7;13;19;53,,5,2,0,5,0.190005131,0,5,0.217637551,0.010398888,5,2,0,5,0.190005131,0,5,0.217637551,0.010398888,5,1097.958659,12.59326567,5,1100.683063,12.60856839
st04_Example5_normal,cylinder,180x180x180,minimum_aabb_volume,bottom_top,geometry_only,5,5,5,TRUE,3;7;13;19;53,,5,2,0,5,0.190005131,0,5,0.217637551,0.010398888,5,2,0,5,0.190005131,0,5,0.217637551,0.010398888,5,1157.411724,11.46017083,5,1160.161947,11.44938838
st04_Example5_normal,cylinder,180x180x180,overlap_distance,all,geometry_only,5,5,5,TRUE,3;7;13;19;53,,5,3,0,5,0.126670087,0,5,0.156310938,0.00861488,5,3,0,5,0.126670087,0,5,0.156310938,0.00861488,5,4631.411515,173.9412786,5,4634.131693,173.936108
st04_Example5_normal,cylinder,180x180x180,overlap_distance,bottom,geometry_only,5,5,5,TRUE,3;7;13;19;53,,5,2.6,0.547722558,5,0.152004105,0.034690032,5,0.195713947,0.025367996,5,2.6,0.547722558,5,0.152004105,0.034690032,5,0.195713947,0.025367996,5,2156.200887,176.13375,5,2158.896931,176.1366326
st04_Example5_normal,cylinder,180x180x180,overlap_distance,bottom_top,geometry_only,5,5,5,TRUE,3;7;13;19;53,,5,2.6,0.547722558,5,0.152004105,0.034690032,5,0.19684506,0.020820237,5,2.6,0.547722558,5,0.152004105,0.034690032,5,0.19684506,0.020820237,5,2786.538444,212.74167,5,2789.581213,212.2425643
st05_e2,cube,157x157x157,maximal_residual_box,all,geometry_only,5,5,5,TRUE,3;7;13;19;53,,5,2,0,5,0.169771102,0,5,0.269756812,0.027104449,5,2,0,5,0.169771102,0,5,0.269756812,0.027104449,5,74.7341321,6.790694854,5,76.15635924,6.714339705
st05_e2,cube,157x157x157,maximal_residual_box,bottom,geometry_only,5,5,5,TRUE,3;7;13;19;53,,5,1.8,0.447213595,5,0.203725323,0.075923945,5,0.304243451,0.026656613,5,1.8,0.447213595,5,0.203725323,0.075923945,5,0.304243451,0.026656613,5,51.47246399,4.358364652,5,52.9227457,4.375992204
st05_e2,cube,157x157x157,maximal_residual_box,bottom_top,geometry_only,5,5,5,TRUE,3;7;13;19;53,,5,1.8,0.447213595,5,0.203725323,0.075923945,5,0.304243451,0.026656613,5,1.8,0.447213595,5,0.203725323,0.075923945,5,0.304243451,0.026656613,5,54.16060219,1.97349172,5,55.64199142,1.988672811
st05_e2,cube,157x157x157,minimum_aabb_edges_len,all,geometry_only,5,5,5,TRUE,3;7;13;19;53,,5,1.8,0.447213595,5,0.203725323,0.075923945,5,0.304243451,0.026656613,5,1.8,0.447213595,5,0.203725323,0.075923945,5,0.304243451,0.026656613,5,78.67247701,7.520446094,5,80.11821671,7.547500595
st05_e2,cube,157x157x157,minimum_aabb_edges_len,bottom,geometry_only,5,5,5,TRUE,3;7;13;19;53,,5,1.6,0.547722558,5,0.237679543,0.092987462,5,0.312497632,0.03091349,5,1.6,0.547722558,5,0.237679543,0.092987462,5,0.312497632,0.03091349,5,58.53138719,3.029585412,5,60.01139231,3.013489448
st05_e2,cube,157x157x157,minimum_aabb_edges_len,bottom_top,geometry_only,5,5,5,TRUE,3;7;13;19;53,,5,1.2,0.447213595,5,0.305587984,0.075923945,5,0.332100138,0.016640966,5,1.2,0.447213595,5,0.305587984,0.075923945,5,0.332100138,0.016640966,5,68.83584309,4.032876551,5,70.26529016,4.081091946
st05_e2,cube,157x157x157,minimum_aabb_volume,all,geometry_only,5,5,5,TRUE,3;7;13;19;53,,5,2,0,5,0.169771102,0,5,0.27886187,0.033791719,5,2,0,5,0.169771102,0,5,0.27886187,0.033791719,5,75.71806102,6.547789146,5,77.16825743,6.555076487
st05_e2,cube,157x157x157,minimum_aabb_volume,bottom,geometry_only,5,5,5,TRUE,3;7;13;19;53,,5,1.8,0.447213595,5,0.203725323,0.075923945,5,0.304525216,0.026764867,5,1.8,0.447213595,5,0.203725323,0.075923945,5,0.304525216,0.026764867,5,52.26546435,3.503765736,5,53.77237353,3.526441174
st05_e2,cube,157x157x157,minimum_aabb_volume,bottom_top,geometry_only,5,5,5,TRUE,3;7;13;19;53,,5,1.8,0.447213595,5,0.203725323,0.075923945,5,0.304525216,0.026764867,5,1.8,0.447213595,5,0.203725323,0.075923945,5,0.304525216,0.026764867,5,55.09904571,1.958732311,5,56.52898135,2.008842665
st05_e2,cube,157x157x157,overlap_distance,all,geometry_only,5,5,5,TRUE,3;7;13;19;53,,5,2,0,5,0.169771102,0,5,0.293634268,0.027107236,5,2,0,5,0.169771102,0,5,0.293634268,0.027107236,5,254.3851558,25.92676607,5,255.7657362,25.95222501
st05_e2,cube,157x157x157,overlap_distance,bottom,geometry_only,5,5,5,TRUE,3;7;13;19;53,,5,1.4,0.547722558,5,0.271633764,0.092987462,5,0.324658072,0.020380938,5,1.4,0.547722558,5,0.271633764,0.092987462,5,0.324658072,0.020380938,5,124.5282814,14.08889,5,125.9366323,14.02135635
st05_e2,cube,157x157x157,overlap_distance,bottom_top,geometry_only,5,5,5,TRUE,3;7;13;19;53,,5,1.2,0.447213595,5,0.305587984,0.075923945,5,0.332100138,0.016640966,5,1.2,0.447213595,5,0.305587984,0.075923945,5,0.332100138,0.016640966,5,148.6923167,27.44904401,5,150.1369371,27.45398301
st05_e2,cylinder,174x174x174,maximal_residual_box,all,geometry_only,5,5,5,TRUE,3;7;13;19;53,,5,2,0,5,0.158790713,0,5,0.244852807,0.028053674,5,2,0,5,0.158790713,0,5,0.244852807,0.028053674,5,285.7046626,19.29748213,5,287.2698967,19.3105613
st05_e2,cylinder,174x174x174,maximal_residual_box,bottom,geometry_only,5,5,5,TRUE,3;7;13;19;53,,5,1.8,0.447213595,5,0.190548856,0.071013366,5,0.280416052,0.025170137,5,1.8,0.447213595,5,0.190548856,0.071013366,5,0.280416052,0.025170137,5,233.891055,5.453971122,5,235.4653444,5.456869039
st05_e2,cylinder,174x174x174,maximal_residual_box,bottom_top,geometry_only,5,5,5,TRUE,3;7;13;19;53,,5,1.8,0.447213595,5,0.190548856,0.071013366,5,0.284829253,0.02503378,5,1.8,0.447213595,5,0.190548856,0.071013366,5,0.284829253,0.02503378,5,242.2922709,6.49586986,5,243.8760421,6.489290627
st05_e2,cylinder,174x174x174,minimum_aabb_edges_len,all,geometry_only,5,5,5,TRUE,3;7;13;19;53,,5,2,0,5,0.158790713,0,5,0.281603437,0.020518339,5,2,0,5,0.158790713,0,5,0.281603437,0.020518339,5,280.0301337,13.99683796,5,281.6038265,14.00014346
st05_e2,cylinder,174x174x174,minimum_aabb_edges_len,bottom,geometry_only,5,5,5,TRUE,3;7;13;19;53,,5,1.8,0.447213595,5,0.190548856,0.071013366,5,0.291789984,0.015086492,5,1.8,0.447213595,5,0.190548856,0.071013366,5,0.291789984,0.015086492,5,239.8320136,7.686471985,5,241.391503,7.686301547
st05_e2,cylinder,174x174x174,minimum_aabb_edges_len,bottom_top,geometry_only,5,5,5,TRUE,3;7;13;19;53,,5,1.4,0.547722558,5,0.254065141,0.086973256,5,0.306207495,0.016212428,5,1.4,0.547722558,5,0.254065141,0.086973256,5,0.306207495,0.016212428,5,253.1188036,5.06636114,5,254.6916483,5.070924464
st05_e2,cylinder,174x174x174,minimum_aabb_volume,all,geometry_only,5,5,5,TRUE,3;7;13;19;53,,5,1.8,0.447213595,5,0.190548856,0.071013366,5,0.268262277,0.034793881,5,1.8,0.447213595,5,0.190548856,0.071013366,5,0.268262277,0.034793881,5,275.6055207,15.80851071,5,277.1631267,15.8186528
st05_e2,cylinder,174x174x174,minimum_aabb_volume,bottom,geometry_only,5,5,5,TRUE,3;7;13;19;53,,5,1.8,0.447213595,5,0.190548856,0.071013366,5,0.284565712,0.024932527,5,1.8,0.447213595,5,0.190548856,0.071013366,5,0.284565712,0.024932527,5,228.870194,4.247953608,5,230.4146163,4.248478687
st05_e2,cylinder,174x174x174,minimum_aabb_volume,bottom_top,geometry_only,5,5,5,TRUE,3;7;13;19;53,,5,2,0,5,0.158790713,0,5,0.275243262,0.016932303,5,2,0,5,0.158790713,0,5,0.275243262,0.016932303,5,242.3783909,4.287100626,5,243.9478995,4.294832045
st05_e2,cylinder,174x174x174,overlap_distance,all,geometry_only,5,5,5,TRUE,3;7;13;19;53,,5,2,0,5,0.158790713,0,5,0.252573128,0.026672117,5,2,0,5,0.158790713,0,5,0.252573128,0.026672117,5,569.49859,51.46215053,5,571.059732,51.46584886
st05_e2,cylinder,174x174x174,overlap_distance,bottom,geometry_only,5,5,5,TRUE,3;7;13;19;53,,5,1.6,0.547722558,5,0.222306998,0.086973256,5,0.289738502,0.029118828,5,1.6,0.547722558,5,0.222306998,0.086973256,5,0.289738502,0.029118828,5,340.7751896,18.83348551,5,342.3410379,18.81549478
st05_e2,cylinder,174x174x174,overlap_distance,bottom_top,geometry_only,5,5,5,TRUE,3;7;13;19;53,,5,1.6,0.547722558,5,0.222306998,0.086973256,5,0.291526443,0.026023242,5,1.6,0.547722558,5,0.222306998,0.086973256,5,0.291526443,0.026023242,5,402.9920033,22.00194236,5,404.5366398,22.00201463
